refit_date,const,rv_d,rv_w,rv_m
2008-01-25,-3.8170671272338623,0.05195949712493403,0.30733245024728945,0.2388328119839986
2008-02-26,-2.8592769666585482,0.061572829405723395,0.30359237868627453,0.32434952747084683
2008-03-27,-2.5009456522191043,0.06179646311252751,0.2896358861076255,0.3726518436022749
2008-04-25,-2.452059861647456,0.06464656586081474,0.27467367687914374,0.38935051168961693
2008-05-27,-2.624508388000231,0.06275819021787427,0.2895583464345368,0.35979321881355486
2008-06-25,-2.6141764306168076,0.06167386340348324,0.2898428117221784,0.3614906143147149
2008-07-25,-2.435714384139716,0.061047599720125245,0.30008944582547714,0.36850315213234563
2008-08-25,-2.4131395996773928,0.06277449282944458,0.3001179245476163,0.36882481632302994
2008-09-24,-2.1569761441835755,0.06328610524483252,0.2975899000503369,0.39524827768736276
2008-10-23,-1.212775897017849,0.07590913968972257,0.39145191877262064,0.379521649589693
2008-11-21,-0.30544302266755485,0.08245422124218793,0.41157339816025534,0.4417246979307927
2008-12-23,-0.4540334892359672,0.08259439056082363,0.4059440517311987,0.43253419174337177
2009-01-26,-0.748099040564118,0.08191092425032875,0.41185756401398127,0.3983742422850654
2009-02-25,-0.5419996043105014,0.084307682397745,0.38797957259470106,0.43982112259173206
2009-03-26,-0.4151673810644084,0.08003902750647485,0.38934089262459987,0.45505806958100004
2009-04-27,-0.49123602721678455,0.07969358022349049,0.3867455884021206,0.45056152267251326
2009-05-27,-0.6009625840953885,0.07864643998228016,0.3938850943612558,0.4338231892752223
2009-06-25,-0.6578127653635075,0.07819120406999103,0.39698883415998687,0.42576268916341553
2009-07-27,-0.7030261969395547,0.07734733928872672,0.3978056341420032,0.4215454246084982
2009-08-25,-0.7138358341760669,0.0763250222985844,0.39438517914889115,0.4250211306713213
2009-09-24,-0.725321526333668,0.07546999344746019,0.39484339417932646,0.42441086339375617
2009-10-23,-0.7204125350974864,0.07406331035269298,0.39259604278166366,0.42843731015375514
2009-11-23,-0.7176145371277395,0.07211444253462318,0.38826112717655975,0.4348902661155308
2009-12-23,-0.7120574883709087,0.07126255680585969,0.3863599155737557,0.43807150917425247
2010-01-26,-0.7479983416641395,0.07080701052637972,0.38749437118553764,0.43460676989095054
2010-02-25,-0.7821281870507466,0.07266599432203824,0.3776880089873748,0.43801502033187406
2010-03-26,-0.8084562991436665,0.07418738815034276,0.37472238310906725,0.4372562642953008
2010-04-27,-0.8150681301760155,0.07248212692420075,0.377555284774815,0.4356445774593816
2010-05-26,-0.8476116992652236,0.07067051789446677,0.36248188895249156,0.44711866901107145
2010-06-25,-0.85339711074821,0.07961586129648945,0.37486163737466355,0.4240406429617506
2010-07-27,-0.8987339617987276,0.07950604451042165,0.3749779831270631,0.41966921306005284
2010-08-25,-0.9186504356905163,0.07883087365898755,0.3718636635272022,0.42163150255424614
2010-09-24,-0.9244025535120896,0.07801890655688604,0.37000473823316005,0.42379710867395326
2010-10-25,-0.9432029902390423,0.07768734600010929,0.3705440265850912,0.42196948569616527
2010-11-23,-0.9455911123594533,0.07593970927425875,0.3701828545136602,0.4239011959171266
2010-12-23,-0.9471720814334437,0.07467065622597724,0.3701596273084654,0.42511712075486136
2011-01-25,-0.9571133453296984,0.07562835916580013,0.3754030625192827,0.41876269946178307
2011-02-24,-0.9642879354437048,0.07500378343003489,0.36646388222354814,0.42749293434458063
2011-03-25,-1.009679547475593,0.07519201769251349,0.36429261046134265,0.4240229657757394
2011-04-26,-1.0324380302080323,0.07539083333539676,0.3607914368084824,0.4249332647246963
2011-05-25,-1.033105284621687,0.07459042048970616,0.36283248177709515,0.42379435382287844
2011-06-24,-1.039923648203284,0.07430882585223803,0.35912421417619683,0.4268898259672019
2011-07-26,-1.041786964779886,0.0735248351319277,0.35879381485734013,0.4277964799155866
2011-08-24,-1.0233964795436392,0.07469827827062137,0.35941229164561345,0.4266535797932923
2011-09-23,-0.990085400072156,0.08089547612467046,0.37142926520684866,0.410964561889573
2011-10-24,-0.9893901661623753,0.07961717846003386,0.37204166147381884,0.4116907288917792
2011-11-22,-1.0078897616081932,0.07928894887652355,0.36829495095206877,0.41393624376281185
2011-12-22,-0.9877974834733387,0.07813755893007157,0.36711215564209576,0.4181875540067494
2012-01-25,-1.0394692835951513,0.07539598088896143,0.3729321655927478,0.410225204025591
2012-02-24,-1.0473903935239315,0.07668005209261852,0.37454660399333667,0.4067971952082366
2012-03-26,-1.038044145410063,0.07731059247390332,0.3742682308987097,0.4080226729035357
2012-04-25,-1.0498330072862179,0.07620541677399051,0.37528591220694,0.4067499228247958
2012-05-24,-1.057684891849423,0.07471955248154477,0.37696901914144143,0.40558710726851893
2012-06-25,-1.0612777005974905,0.07516286396009214,0.37479761343360435,0.40652128407498234
2012-07-25,-1.0707423224181665,0.07450841228678323,0.37348797322996574,0.40769996219249166
2012-08-23,-1.0721374579245226,0.07248708701604867,0.3732947982446641,0.40972638758141794
2012-09-24,-1.0721953743226815,0.07412187490340655,0.37667309444694974,0.40539500760280445
2012-10-23,-1.0683281618698623,0.07305382553106504,0.3773535537900121,0.40626649239093005
2012-11-26,-1.088367705037382,0.07352030498042622,0.3752787018733818,0.4055086799084739
2012-12-26,-1.0915688543329178,0.0730290427532414,0.3718250175942183,0.40929313137534945
2013-01-28,-1.103969794368349,0.0708216362308891,0.36813527455256023,0.41364344905512335
2013-02-27,-1.0820438554302145,0.07092907472473553,0.3640693102670139,0.4203014459948673
2013-03-28,-1.08985831405711,0.07117300839422774,0.3597549775665381,0.42349529799954044
2013-04-29,-1.089912161142415,0.07142540877687398,0.35330143057197577,0.4297392355452815
2013-05-29,-1.0810384474054917,0.07084573823684431,0.3505656208894631,0.4342193927354154
2013-06-27,-1.1218645778041612,0.0720103190901566,0.343336069334986,0.4355005247470489
2013-07-29,-1.1329478604211716,0.07001663763233573,0.3469705980038872,0.43266238849836447
2013-08-27,-1.1449554391185506,0.07211244544464868,0.3530934617993215,0.42381605091764707
2013-09-26,-1.1577296632439467,0.0716750727756062,0.35405619646396813,0.4218153360016845
2013-10-25,-1.1559142715320105,0.06970930612296644,0.35125098092353335,0.4268662116204436
2013-11-25,-1.1278901498823815,0.07005103801809981,0.34712407621141333,0.4339926758844228
2013-12-26,-1.1091476208861544,0.06959732800417628,0.35171325133409603,0.4320647577286483
2014-01-28,-1.1119196343055477,0.06849828774601507,0.348018934379931,0.4365710504895225
2014-02-27,-1.1784130389262608,0.07061568979807381,0.34038902957092265,0.43466284620595247
2014-03-28,-1.174190901107847,0.07058404302456045,0.3367510680354546,0.4389732070645425
2014-04-29,-1.1732100854350804,0.06984045005580775,0.33658048571467364,0.4400386339953026
2014-05-29,-1.1687804096281558,0.06919429698725249,0.3353592846257898,0.44260672113096133
2014-06-27,-1.1279512638468974,0.070595952225464,0.33925178828794594,0.4421706500737467
2014-07-29,-1.1201969568038856,0.06967403951826062,0.34261228819407064,0.44061355223857757
2014-08-27,-1.1495708833772031,0.06948112140240087,0.3415257676851249,0.4386507927168032
2014-09-26,-1.1255415564861682,0.07029812618085668,0.3362991000272078,0.4459362399881432
2014-10-27,-1.1741416431639353,0.06990133327837,0.34101134194201504,0.43616132238673844
2014-11-25,-1.2025884097349018,0.07274414169317245,0.337464169592589,0.43385605098849234
2014-12-26,-1.2360203770101919,0.07486757314245907,0.33710998129481,0.42876543104112763
2015-01-28,-1.3186367326751143,0.0752256075126978,0.338208387864818,0.41805467004409574
2015-02-27,-1.3308059794962168,0.07704051887894903,0.32417949027694654,0.42878224266383996
2015-03-30,-1.3516648074452275,0.0785414942143221,0.3249046641577502,0.4249497332738993
2015-04-29,-1.352805582807052,0.07817584319800341,0.32051197663667125,0.42958048147326766
2015-05-29,-1.345636341503652,0.07777630643257921,0.3197390484482229,0.4316394627409023
2015-06-29,-1.3344577319405186,0.07775162869858432,0.31805333137348524,0.4347611811479918
2015-07-29,-1.365622253247252,0.07684383065343237,0.32083854734713485,0.4292956316985935
2015-08-27,-1.3714310363199684,0.08121372503223778,0.3012914301923973,0.4438217593915102
2015-09-28,-1.4324033162394356,0.08524958843211616,0.3047548015220252,0.4286177225855098
2015-10-27,-1.4658570150506218,0.08459732513683993,0.30549011206153137,0.4253482165489539
2015-11-25,-1.507394403711913,0.08505930160572034,0.31329657866348126,0.4134034387457802
2015-12-28,-1.5170701191696598,0.08491882083749924,0.3132968767013691,0.41249032942107355
2016-01-28,-1.5422692626990182,0.08312221384203322,0.3233877692904508,0.40097714730174033
2016-02-29,-1.529888596210827,0.08549489890970002,0.3174033851998645,0.40545959984693475
2016-03-30,-1.588311988543247,0.08562572464833035,0.32062940918017174,0.396531180424005
2016-04-28,-1.6064331715090563,0.08577189728739087,0.3262423080323525,0.3893044097360193
2016-05-27,-1.6028339147819393,0.08526239259244683,0.3256493036949951,0.390913128665052
2016-06-28,-1.595239345262031,0.08449094243261907,0.3223169247346709,0.39594821324908896
2016-07-28,-1.655448924462951,0.08347850391331374,0.3162527936254513,0.3960785964005399
2016-08-26,-1.6540688655057791,0.08687427917013962,0.31928421154979936,0.39045667686416635
2016-09-27,-1.6639903541443362,0.08668161195134416,0.31855287020939177,0.39036732832118015
2016-10-26,-1.672002133512249,0.08661416916413245,0.31808087413812347,0.39007930659710954
2016-11-25,-1.6642772646775377,0.0861355349305794,0.3188665184014091,0.3907351275052787
2016-12-27,-1.636092132750933,0.08605028947707682,0.31919146946466753,0.3938046494768139
2017-01-27,-1.6123435251822886,0.08572063506668026,0.3200587393399021,0.3958843514937105
2017-02-28,-1.5866375104413588,0.08569771575509039,0.3165218931889692,0.4022519152003425
2017-03-29,-1.5572225677294345,0.08559090705713673,0.3175684167656241,0.4045489409856242
2017-04-28,-1.5650670506640891,0.0847834617797128,0.3177785589518666,0.40430036287393817
2017-05-30,-1.545028726073012,0.08421256199026017,0.31640078970347835,0.4085403695884821
2017-06-28,-1.516026988003293,0.08441546605259748,0.3211166667436267,0.4068234452728595
2017-07-28,-1.5209613773480144,0.08449625454737181,0.31906026878375765,0.4082851913412593
2017-08-28,-1.4897478566560314,0.08464089405289854,0.31639912609481013,0.4142710929190178
2017-09-27,-1.480650165384293,0.08404699884100275,0.3146594677021605,0.4176085128218281
2017-10-26,-1.4203542445831971,0.084120840062756,0.31962985775290104,0.4191802221912599
2017-11-27,-1.447346137399526,0.08361058547930583,0.31883267144197325,0.4176408462956091
2017-12-27,-1.4710406530292437,0.08225464918839293,0.3192120132298804,0.41606181659486713
2018-01-29,-1.4517768388249284,0.08321254068131434,0.3098014401910761,0.4266698910840847
2018-02-28,-1.5685093241954067,0.08408221986182052,0.31485828485462897,0.4080871827638011
2018-03-29,-1.5945198416569715,0.08557606631588749,0.32038232105187814,0.39823582391740253
2018-04-30,-1.580614632684688,0.08555365117209773,0.31574718557095427,0.404035026375136
2018-05-30,-1.6170488686051439,0.08612398559650097,0.31539559970345893,0.4005117533549836
2018-06-28,-1.6288142818149396,0.0861187513684793,0.32022244493301544,0.39484389822019544
2018-07-30,-1.6302031065694096,0.08558047917600131,0.31808352391080025,0.39740333657785054
2018-08-28,-1.6163810233210474,0.08613606295579412,0.3173025244930193,0.39936988537875584
2018-09-27,-1.5964178137744136,0.08646650245716081,0.3147841973358879,0.4037939207513966
2018-10-26,-1.627007455713523,0.0857743685357672,0.3128783715312687,0.4030262123997029
2018-11-27,-1.6673077499772078,0.08778587863232246,0.32690501305253655,0.38226659381551875
2018-12-28,-1.6533265571770748,0.08789936042146412,0.3209726055268859,0.38935440695130286
2019-01-30,-1.6415380864708702,0.08804963428836154,0.3203850334091186,0.39078541416935386
2019-03-01,-1.7153040032760734,0.08924035241099088,0.32633410130896406,0.3766765691049084
2019-04-01,-1.7224103744611625,0.08911271276506383,0.3295413490029045,0.3730950438068071
2019-05-01,-1.7172340795853278,0.08829475641844592,0.32732254019849016,0.37681288359063797
2019-05-31,-1.7419006107482347,0.08870841850559374,0.3184040068645673,0.38248043951449473
2019-07-01,-1.757270732895346,0.09039433772105965,0.31660589169065567,0.3810328715437175
2019-07-31,-1.7705805067878495,0.09031062395696815,0.32091103615347344,0.3757676899772334
2019-08-29,-1.8151226426019593,0.08910798815412069,0.3146270457002941,0.37825842183918806
2019-09-30,-1.831354600290261,0.09092279323092223,0.3157961144127808,0.37365044113278384
2019-10-29,-1.8445982216520136,0.09068182816458059,0.3162610659647282,0.37221513999855327
2019-11-27,-1.8416398780331684,0.09095642176687557,0.3167498162075795,0.3721067359617586
2019-12-30,-1.8297188234118067,0.09063410478435413,0.31859306537313414,0.3719852578343214
2020-01-30,-1.836721302802804,0.08950793658416661,0.3158995378003754,0.375069228831094
2020-03-02,-1.8811834636671667,0.09149359368464921,0.3189970683867893,0.36505068685841024
2020-03-31,-1.8662059730023366,0.09862422587018121,0.32959035829869326,0.34729875587472997
2020-04-30,-1.8099134347383719,0.10065902421323802,0.36320892552968226,0.3169172400862003
2020-06-01,-1.8808786231095356,0.09984842884763495,0.3685625281479876,0.30540903093515415
2020-06-30,-1.8661914328708096,0.09926345790919866,0.36819650965231576,0.3077458059388953
2020-07-30,-1.8614995304017916,0.09919049278241815,0.3641974856782474,0.3122425226610096
2020-08-28,-1.891734583912138,0.09930166321362005,0.36648482504264646,0.30705791841543323
2020-09-29,-1.9004682045882124,0.09942528327531241,0.36187539134922253,0.3102984097815595
2020-10-28,-1.9105536870088473,0.10088176909334856,0.3604441389972789,0.3091220017101669
2020-11-27,-1.8834288376346244,0.0998142102409742,0.3579360236194685,0.3151440719480181
2020-12-29,-1.9092129964604831,0.1005923616794907,0.35376159542294766,0.3161321494345369
2021-01-29,-1.9088644078430381,0.09953688722370341,0.35116320577787813,0.3195797781926602
2021-03-02,-1.9095701844536301,0.09946767196591821,0.34987309234359903,0.3207139736484871
2021-03-31,-1.904056329168283,0.09902540665657655,0.34638526752411813,0.32496258188630417
2021-04-30,-1.9318559792486147,0.09921128895761455,0.34683123774469365,0.32191745441180486
2021-06-01,-1.9427410028108774,0.09958900478869182,0.345966122840461,0.3212332152518061
2021-06-30,-1.9425672794253197,0.09958170408332867,0.3447330715746357,0.3226408461048074
2021-07-30,-1.9461725060755817,0.09851474630071277,0.3457512098750348,0.322327149212216
2021-08-30,-1.9482297272009468,0.09840530460324853,0.3419347133103201,0.3260676299849728
2021-09-29,-1.951211243958108,0.09738036970161451,0.34204866215638174,0.32671233102554786
2021-10-28,-1.983660369781081,0.09859411881667068,0.33960169337528096,0.32437247837808886
2021-11-29,-1.99306546652909,0.0992418050523462,0.34000538733771274,0.3227225547322175
2021-12-29,-2.028884416108867,0.0999882017549405,0.33777914502626666,0.3201120347729839
2022-01-28,-2.029096089714486,0.09830769114968413,0.3350259538178717,0.3245214397962137
2022-03-01,-2.023094315220907,0.10103228359749444,0.3285782951744388,0.3283521906488656
2022-03-30,-2.015175610426484,0.10069431558487946,0.32776720602391307,0.3302462790550234
2022-04-29,-2.0408568730538934,0.10080392290224177,0.32780301709767157,0.32768515424469574
2022-05-31,-2.0186941030014487,0.10149880299995656,0.3269885983225707,0.32965520772239293
2022-06-30,-2.010822719265738,0.10125276849594589,0.32911208877958326,0.328501390743326
2022-08-01,-2.007458972536078,0.10143815960453012,0.3266614374622837,0.3310859900739941
2022-08-30,-2.0286337041901485,0.10120534532723047,0.327358481094104,0.3286246870216645
2022-09-29,-2.027882519804472,0.10072041277464222,0.3271669128179617,0.329317371625954
2022-10-28,-2.0034141704260033,0.10097477166740909,0.33086857915993706,0.3275140221027606
2022-11-29,-1.9950070662544108,0.10040351121477609,0.3312948160894655,0.328453665071376
2022-12-29,-1.993696119356156,0.09922530397999069,0.3292757930334178,0.33175149915830543
2023-01-31,-1.988378112901767,0.09927181056780743,0.3272209916792108,0.33423402572432004
2023-03-02,-1.9901932954404686,0.09895002252209517,0.3272902517864071,0.33431449573223404
2023-03-31,-1.988911641943162,0.09824215182623147,0.3272398805537824,0.3351736090447229
2023-05-02,-2.0048037299515373,0.0986556734079106,0.3234369278233904,0.33712789069799
2023-06-01,-2.0093041706516757,0.0985669508198288,0.32593917452794197,0.33435431687917305
2023-07-03,-2.0068992012637343,0.09815780321369694,0.3257761070765801,0.3353263991679368
2023-08-02,-2.0034069333210125,0.09797700158323486,0.32630124776462655,0.3354959124707613
2023-08-31,-2.005967247858374,0.0974409535486564,0.3262020454373366,0.3358384839384455
2023-10-02,-2.002672938603342,0.09707987768756954,0.32581359332822296,0.3370600369668027
2023-10-31,-2.0063698814244915,0.09680945450240036,0.32592986702626986,0.3367456384272527
2023-11-30,-2.0111855976684643,0.09654876935165857,0.3256534343570045,0.3369555084113314
2024-01-02,-2.0147220417701845,0.09653394343345195,0.327088133570471,0.3353759163594066
2024-02-01,-2.01252633556865,0.09593077123297072,0.3267772213424273,0.3365530841259135
2024-03-04,-2.0085691920187303,0.09548782041253595,0.32616482590672796,0.33807433615339244
2024-04-03,-2.011971872036395,0.094850209955056,0.3260947604507459,0.33838917715587474
2024-05-02,-2.0154581435155086,0.09456802994082109,0.3232855848351305,0.3410775133110416
2024-06-03,-2.018978859924321,0.09441730087244626,0.3221335942797036,0.3420685252819991
2024-07-03,-2.0229874780397017,0.09465404962729479,0.3208547638055128,0.342787602416597
2024-08-02,-2.0174879964687986,0.09460760306735883,0.31825422082865384,0.3461047614076131
2024-09-03,-2.0604767172005665,0.09621610772041445,0.3202598243837183,0.33755607744177196
2024-10-02,-2.068097337753979,0.09704494679276471,0.31405515229234526,0.3422422559227143
2024-10-31,-2.0737635912550707,0.09671475066561064,0.3147775543056801,0.3414561039807708
2024-12-02,-2.0770701242779244,0.0966841863178079,0.31426797514736055,0.3416536645029338
2025-01-02,-2.073724630842109,0.09566285804138297,0.31468616762955826,0.34271894740083214
2025-02-04,-2.1044808258122707,0.09611059252727228,0.31053067997089556,0.34298086234682423
2025-03-06,-2.1065572768380245,0.09510503360426781,0.31165419340566297,0.34266700619698315
2025-04-04,-2.1105781408087076,0.09555158967671867,0.30892285998649144,0.3442243762131637
2025-05-06,-2.056823200653904,0.09586255844104119,0.312668913130885,0.34502673579046594
2025-06-05,-2.0736921498053222,0.09573484940915844,0.31265109500906557,0.34353942295750683
2025-07-08,-2.094718011140888,0.09570274826174391,0.31352417635722574,0.34076410939541385
2025-08-06,-2.095037806109772,0.09526468219805656,0.3169117850121952,0.33803669840843414
2025-09-05,-2.092542730957777,0.09484186093660446,0.31671809304355303,0.3389529833956941
2025-10-06,-2.0862418202128206,0.09448922556732975,0.316484089965853,0.3402650974282296
2025-11-04,-2.093149950198841,0.09449995128587585,0.31555441046089516,0.34041160274474425
2025-12-04,-2.1009970163201537,0.09468932498952864,0.31460460993261724,0.34022584581676063
2026-01-06,-2.110600599341805,0.0953198139235511,0.31239430280538866,0.3410110923820588
2026-02-05,-2.119327520700116,0.09495300968833814,0.3127675605536552,0.34017810471261334
2026-03-09,-2.135834849375649,0.09477993825138248,0.3138330485521581,0.33742968376755444
2026-04-08,-2.1347080246607715,0.09464864974989562,0.314050696365634,0.3373392681952964
2026-05-07,-2.1393351586930778,0.09431683159251159,0.3143751621765299,0.3369163693706616
2026-06-08,-2.145015008789988,0.094078391116944,0.31627034133454607,0.33486191601576365
2026-07-09,-2.155862733598257,0.09394491074795164,0.3132788526808844,0.33663324052950316
2026-08-07,-2.1603753322703954,0.09420289867018827,0.311751248536542,0.337491706384615
2026-09-08,-2.1664128749574854,0.09441726419244922,0.31077692674781465,0.33788442947983915
