name,n,years,cagr,ann_vol,sharpe,sharpe_se_lo,mean_t_hac,sortino,max_drawdown,calmar,skew,excess_kurtosis,var_95,cvar_95,var_99,cvar_99,worst_day,worst_week,best_day,hit_rate,longest_drawdown_days,ann_turnover,avg_weight,max_weight,time_invested,feb_2018,contango_threshold,vol_target,max_stress_loss,rebalance,is_chosen
cell,2695,10.69,0.015992373045255137,0.061216596017404555,-0.08927800770703885,0.302326465829621,-0.2766227682179529,-0.1070853907742539,-0.12382591849177282,0.1291520647700077,-4.093190610294309,46.14847278348297,-0.00557118200469122,-0.010670590796160584,-0.011990872539642835,-0.02231312117943229,-0.05834543253659112,-0.07199496809189054,0.017989717343224812,0.7027829313543599,1506,5.949256595512355,0.08125531236368842,0.3057298515874508,0.5907235621521336,-0.00036413565255832836,0.95,0.1,0.1,1,False
cell,2695,10.69,0.018552605381700005,0.10369908182074895,0.011323867480251161,0.3081983067549654,0.03991436909225451,0.012541646308638263,-0.316084404878039,0.0586950988260826,-22.025030268529886,848.4383305804478,-0.005463524647041835,-0.012964958484663792,-0.013267301737459465,-0.032514649657464714,-0.2531496058336103,-0.27621013049184406,0.06736718960501376,0.7428571428571429,2184,3.9567608106250285,0.08107681248384888,0.3057298515874508,0.5862708719851577,-0.2028363937232237,0.95,0.1,0.1,5,False
cell,2695,10.69,0.04969361118879645,0.0765732383906861,0.3688044320285648,0.3164480240510334,1.4133823687411076,0.4734978392882343,-0.10317801252387926,0.4816298547841817,-2.7895019481761363,46.59802596573319,-0.005765370924436823,-0.012350861696195611,-0.013551231525416518,-0.02696381557349741,-0.07132262653736149,-0.0762846091244439,0.043700935460452554,0.7473098330241187,916,3.2316947830960694,0.0830171382096344,0.3057298515874508,0.5925788497217068,-0.0004526698910201077,0.95,0.1,0.1,21,False
cell,2695,10.69,-0.002914452423374847,0.0856141138047489,-0.2620945274667064,0.2967674154945101,-0.8344898165107844,-0.3112416290993252,-0.2655898997248485,-0.010973506245509426,-3.692643125333334,38.36973452530175,-0.008043894602059001,-0.015712874834631654,-0.017779336467911334,-0.030673855969931867,-0.08494934579425427,-0.10805185814684459,0.022887790395778953,0.6938775510204082,2382,9.208276607804185,0.11780875190678172,0.5537171031458769,0.5907235621521336,-0.00036413565255832836,0.95,0.1,0.2,1,False
cell,2695,10.69,0.011029617269041614,0.12129828171710502,-0.03495034906041924,0.30101396948492576,-0.12443497862906899,-0.03975277020700526,-0.3972775756049556,0.02776299984273271,-14.318480021544547,456.4150470350607,-0.008086248821111463,-0.018192671317497966,-0.02028447078969456,-0.040993428091729615,-0.2531496058336103,-0.27552227530306317,0.06736718960501376,0.7365491651205937,2184,6.08653978321278,0.1174634034819371,0.5420226380778954,0.5862708719851577,-0.2028363937232237,0.95,0.1,0.2,5,False
cell,2695,10.69,0.03756675748253846,0.10604424973451779,0.1825086661500558,0.31083302925062123,0.6854144313684478,0.2282369794202002,-0.19231242579279662,0.1953423307291337,-2.7911569673512386,33.18875166708538,-0.008452811498837334,-0.018321174218428982,-0.020330824590467752,-0.03864069638921518,-0.0878967046663562,-0.15009190699999153,0.05231737849666477,0.7428571428571429,1369,4.8278602167431,0.11783394033749225,0.39349627899250467,0.5925788497217068,-0.0005589638088286941,0.95,0.1,0.2,21,False
cell,2695,10.69,-0.015026461225236543,0.09495317706957301,-0.355961983509578,0.2933078033339248,-1.147224826273144,-0.4191405934068439,-0.3059402804801964,-0.049115667939021876,-3.789613341893103,37.781844651026624,-0.009345838227601336,-0.017585806481424857,-0.01989236485211077,-0.03492769238255325,-0.08494934579425427,-0.10805185814684459,0.022887790395778953,0.6938775510204082,2382,10.401499816863266,0.1295267408139649,0.5537171031458769,0.5907235621521336,-0.00036413565255832836,0.95,0.1,0.3,1,False
cell,2695,10.69,0.004683624777414019,0.12955086997798634,-0.07320843516490577,0.2974118697658062,-0.2646238980631436,-0.08393901905721078,-0.43274588569693495,0.01082303710379838,-12.121580357982488,354.1897366155086,-0.009460732505591141,-0.02018305839703404,-0.022875467379468897,-0.04531750584110244,-0.2531496058336103,-0.27552227530306317,0.06736718960501376,0.7365491651205937,2184,6.919301265477935,0.12900950385329749,0.5420226380778954,0.5862708719851577,-0.2028363937232237,0.95,0.1,0.3,5,False
cell,2695,10.69,0.02236018591292943,0.12179160648884368,0.05311544864821864,0.3078168781929752,0.19490600927578988,0.06483064941662599,-0.2542254476247596,0.08795416085148715,-3.9206872185437818,55.20373945658638,-0.009360591070716674,-0.0208171799274695,-0.023645503123625636,-0.04611509378684849,-0.13207469762384094,-0.2204839094421921,0.05862416159011121,0.7428571428571429,1556,5.329949126041238,0.1267850929104694,0.39349627899250467,0.5925788497217068,-0.0005589638088286941,0.95,0.1,0.3,21,False
cell,2695,10.69,-0.01701273232838696,0.09639242035722502,-0.3701424122991599,0.2930204736269389,-1.1957567891924659,-0.4357686209720747,-0.3045566495137978,-0.05586064975283426,-3.7296961243812987,36.325619962930325,-0.00946192932400782,-0.017890872121214426,-0.020558059526570808,-0.03577044598527246,-0.08494934579425427,-0.10805185814684459,0.022887790395778953,0.6935064935064935,2382,10.639811836154712,0.13164218494236637,0.5537171031458769,0.5907235621521336,-0.00036413565255832836,0.95,0.1,1.0,1,False
cell,2695,10.69,0.0037698163367116955,0.1311231488203355,-0.07768761931670458,0.29718245862117515,-0.2817453359888947,-0.08923064222970815,-0.4304012603341807,0.008758841304936375,-11.748552940337111,337.90860456478237,-0.009555536312872348,-0.020541166072248235,-0.02392918579637554,-0.046371916230444725,-0.2531496058336103,-0.27552227530306317,0.06736718960501376,0.736178107606679,2184,7.1193350325389515,0.1312361991848346,0.5420226380778954,0.5862708719851577,-0.2028363937232237,0.95,0.1,1.0,5,False
cell,2695,10.69,0.017037622182638934,0.1280376097441857,0.01638338324224375,0.3065357545117939,0.05969174420715003,0.01981519350565049,-0.2980044764676747,0.057172369974405564,-4.707899773488863,77.1073502189771,-0.009661625363914619,-0.02154729524357203,-0.024124017459133434,-0.04879811942361087,-0.15756591217378244,-0.25956195807727045,0.06983325621229024,0.7428571428571429,1557,5.437616959873583,0.12843072009958362,0.39349627899250467,0.5925788497217068,-0.0005589638088286941,0.95,0.1,1.0,21,False
cell,2695,10.69,0.017054221587274654,0.06965118679794496,-0.05535407535779302,0.3035132225067473,-0.1709797193987573,-0.06644606845233958,-0.1488070246765807,0.11460629378445367,-4.321650939605484,49.55876217749535,-0.005838981604601002,-0.011899008757643083,-0.013410724346075417,-0.026086019886661285,-0.05834543253659112,-0.08705171867473371,0.02335847047012435,0.7024118738404452,1514,6.412323480230736,0.08803411964827548,0.3536495659034172,0.5907235621521336,-0.0004526698910201077,0.95,0.15,0.1,1,False
cell,2695,10.69,0.018757502613439447,0.11954231290065839,0.029625477758483558,0.31224404690357943,0.10534814109577048,0.03283736123430718,-0.35494703884880807,0.052845919420190804,-22.45307678941477,872.4746433422699,-0.005986526177779391,-0.01445401896104809,-0.014031819122684069,-0.03741309574801935,-0.2938429201337189,-0.31979698768663545,0.07807715165126392,0.7432282003710575,2184,4.242482065904983,0.0878142754652923,0.3536495659034172,0.5862708719851577,-0.23870818671938565,0.95,0.15,0.1,5,False
cell,2695,10.69,0.05623654434202541,0.08776311084210889,0.40335862763263736,0.3210974222392541,1.6161946728789252,0.5191471675771119,-0.13802031313917662,0.40745121542593316,-3.5457666798593257,79.40795445154684,-0.006166376327104406,-0.013475941951235108,-0.014476693874250605,-0.03044700688427398,-0.10699655985329937,-0.09561513622476836,0.060601552967531745,0.7473098330241187,901,3.4634692162707785,0.09008346850471353,0.3265875248509429,0.5925788497217068,-0.0004526698910201077,0.95,0.15,0.1,21,False
cell,2695,10.69,-0.0016827176031343205,0.10827931850186005,-0.17485475769851777,0.2989008437275743,-0.547278119920128,-0.2081246153351866,-0.28579442116942566,-0.005887860218715626,-4.198158753878684,50.55059955077956,-0.010053534252019039,-0.01928765944759577,-0.02328512120199178,-0.03905009989489437,-0.11672792274336695,-0.14255965689763894,0.03431384679235003,0.6931354359925789,2382,11.091219859405363,0.14590758144946203,0.6114597031749016,0.5907235621521336,-0.0006433234818707945,0.95,0.15,0.2,1,False
cell,2695,10.69,0.00408644928990598,0.16624408815416197,-0.017121414604876033,0.30277088895723653,-0.06014112677632116,-0.019160653810288,-0.5034823221528995,0.008116370943139075,-18.381081250676313,652.8038822773817,-0.010115803575392842,-0.022892872837483924,-0.024031123357882413,-0.05430324654618914,-0.3798007916418875,-0.4079220107171422,0.10054327654994331,0.7354359925788497,2184,7.400865364098237,0.14544517351596184,0.6114597031749016,0.5862708719851577,-0.317443931119882,0.95,0.15,0.2,5,False
cell,2695,10.69,0.05412075308817199,0.1340992946825597,0.2880557272602019,0.31373828327761105,1.0923274395562488,0.3655484822442735,-0.21058868772530548,0.2569974373873671,-2.7235682576815887,38.99572976803917,-0.01072347168103627,-0.02239451589399011,-0.026407301846133862,-0.04786752991194193,-0.10699655985329937,-0.15009190699999153,0.07843215458553601,0.7424860853432282,1368,5.989778316305753,0.14775441473384998,0.590244418488757,0.5925788497217068,-0.000949281719414774,0.95,0.15,0.2,21,False
cell,2695,10.69,-0.018946640877845478,0.12838895502146014,-0.2644008685450586,0.2966894188441154,-0.8416278647387766,-0.31395148825357827,-0.3993922504300794,-0.0474386792869493,-3.6918291616707024,38.36425555523012,-0.012110728380150109,-0.02361004406588133,-0.026739491073536986,-0.04605039273612111,-0.1274454654736029,-0.16061156173183422,0.03431384679235003,0.6920222634508348,2382,13.911652727141815,0.17671312786017257,0.8305756547188151,0.5907235621521336,-0.0006433234818707945,0.95,0.15,0.3,1,False
cell,2695,10.69,-0.0025625452534001614,0.18190858334639134,-0.03696331176323973,0.30073788827696213,-0.13149689211917034,-0.04203356317420687,-0.5675152823019898,-0.004515376648547349,-14.332911184264294,456.8941600490261,-0.012174653489603832,-0.027330445359794887,-0.030498218466043257,-0.06153456163809848,-0.3798007916418875,-0.4079220107171422,0.10054327654994331,0.7346938775510204,2184,9.256966912940658,0.17619510522290557,0.813033957116843,0.5862708719851577,-0.317443931119882,0.95,0.15,0.3,5,False
cell,2695,10.69,0.03973371971815709,0.1590608319937758,0.18011095871869476,0.31076744604702433,0.6762984498902807,0.2252069254324797,-0.29462301854029604,0.13486291707625908,-2.7930993473204757,33.23644481947149,-0.012732565533104678,-0.02752658789125176,-0.03053793498441735,-0.05801381143730268,-0.13207469762384094,-0.2204839094421921,0.07843215458553601,0.7417439703153988,1419,7.371972876792448,0.1767509105062384,0.590244418488757,0.5925788497217068,-0.000949281719414774,0.95,0.15,0.3,21,False
cell,2695,10.69,-0.040481886833330316,0.14455921622527934,-0.372556460971364,0.2929392962514772,-1.2032235079038227,-0.43856981038760645,-0.48675972237760134,-0.08316605703445344,-3.7305767106100336,36.323150698124806,-0.014206720883345285,-0.026880668933829035,-0.03084620125080732,-0.053702531104884654,-0.1274454654736029,-0.16061156173183422,0.03431384679235003,0.6909090909090909,2382,16.077729719207554,0.19746327741354958,0.8305756547188151,0.5907235621521336,-0.0006433234818707945,0.95,0.15,1.0,1,False
cell,2695,10.69,-0.01432023942110916,0.19664388903885055,-0.07994540552436674,0.29693111086589324,-0.2897140205640394,-0.09180452850953315,-0.6044153082349932,-0.02369271463842794,-11.760834906972141,338.2520912456405,-0.01434604470618618,-0.03085721387274591,-0.03597454023509068,-0.0696044691729248,-0.3798007916418875,-0.4079220107171422,0.10054327654994331,0.7335807050092764,2184,10.833992740805368,0.19685429877725188,0.813033957116843,0.5862708719851577,-0.317443931119882,0.95,0.15,1.0,5,False
cell,2695,10.69,0.0066439345455220344,0.19205303960660222,0.013863799571039306,0.3064211739506443,0.050489669466136554,0.016764567989423433,-0.45804525884232195,0.014504973945836977,-4.717883289315103,77.30168760964078,-0.014530872780611838,-0.03236887870260847,-0.03621690458794062,-0.07325294467420294,-0.23662427265857222,-0.37374521646981373,0.10448571178187908,0.7413729128014842,2184,8.32749223554239,0.1926460801493754,0.590244418488757,0.5925788497217068,-0.000949281719414774,0.95,0.15,1.0,21,False
cell,2695,10.69,0.01832203687070555,0.0762205211650914,-0.027763383623990567,0.30456302343326375,-0.08646322754218937,-0.03341005456241579,-0.1840963877267543,0.09952415197793069,-4.6260288495944835,58.90010604032451,-0.005986526177779391,-0.012735461897289193,-0.014138605595432395,-0.028957149622367808,-0.07580680219004733,-0.10352276695788454,0.025384523677357038,0.7024118738404452,1515,6.709311484602783,0.09208723249101684,0.3930427933840905,0.5907235621521336,-0.0004526698910201077,0.95,0.2,0.1,1,False
cell,2695,10.69,0.021960085263919016,0.12328152525152576,0.057948211141602805,0.31751134264807285,0.20799576412221385,0.06476337762904005,-0.35560163145727874,0.06175473710265375,-20.698487901544787,774.5904168009796,-0.006058941713701764,-0.015201171425155107,-0.014905313745283933,-0.039642722769679756,-0.2938429201337189,-0.31979698768663545,0.07807715165126392,0.7432282003710575,2184,4.394256526283836,0.09185386344309178,0.3930427933840905,0.5862708719851577,-0.23870818671938565,0.95,0.2,0.1,5,False
cell,2695,10.69,0.05977390549518291,0.09560952545468675,0.41306555447511584,0.3245062111499892,1.7027231522314565,0.531177847720313,-0.1658207787735011,0.36047295120251266,-4.1697222294566245,106.3088332041777,-0.006367151770032199,-0.014223703227073912,-0.01483724704692466,-0.03295101807038085,-0.12877639463156332,-0.11566665219396166,0.07292829298191641,0.7476808905380334,901,3.587047261357472,0.09445432494824568,0.3930427933840905,0.5925788497217068,-0.0004526698910201077,0.95,0.2,0.1,21,False
cell,2695,10.69,0.0042006209961793495,0.12237099138461621,-0.09299117866199406,0.30218282926768464,-0.2880590165711663,-0.11151827117005222,-0.2775168226313063,0.0151364553555734,-4.084624412178502,46.11797717208024,-0.011238292179880151,-0.02141095844673092,-0.02417880320889712,-0.044668051556341,-0.11672792274336695,-0.14255965689763894,0.03591702426996894,0.6931354359925789,2184,12.042591719940676,0.16251062472737685,0.6114597031749016,0.5907235621521336,-0.0009336193748308297,0.95,0.2,0.2,1,False
cell,2695,10.69,-0.0033163561546996068,0.20728512866079804,0.008232145737323296,0.307542878147174,0.02894767681635543,0.009112297711825243,-0.6096169678966303,-0.00544006536783593,-22.08062600890356,850.5489619263976,-0.01102869651306932,-0.025998668617827007,-0.026637836895418956,-0.06507573524565315,-0.5064630850532034,-0.5373597758140558,0.13306214450539255,0.7358070500927644,2184,8.13549536701955,0.16215362496769775,0.6114597031749016,0.5862708719851577,-0.4407920047578071,0.95,0.2,0.2,5,False
cell,2695,10.69,0.06946430301083795,0.15313463346999603,0.3650282028713861,0.3163392250332869,1.398828422294097,0.46853708357925256,-0.2287078862474471,0.3037250011382733,-2.7833067282507433,46.58830391385861,-0.011601402532045373,-0.024776944111878592,-0.027129702201196367,-0.05400112248660832,-0.14267582112975175,-0.15009190699999153,0.08731429401094047,0.7424860853432282,1364,6.650371731725577,0.1660342764192688,0.6114597031749016,0.5925788497217068,-0.0011263451794902846,0.95,0.2,0.2,21,False
cell,2695,10.69,-0.02087209175622895,0.15336750134307034,-0.21002408811196052,0.29747003811386497,-0.659448198931455,-0.24910499289104482,-0.4322675626604866,-0.048285121436748644,-4.240136179979307,51.7840183086837,-0.01462019489739068,-0.027590448117554966,-0.03267047548730164,-0.05521460800357764,-0.16992324637235354,-0.2064107762306906,0.045732955067908636,0.6920222634508348,2382,16.05833193649403,0.20734576327803225,0.9171895547623523,0.5907235621521336,-0.0009336193748308297,0.95,0.2,0.3,1,False
cell,2695,10.69,-0.014606261778201013,0.22738696011764503,-0.022923352724869644,0.30203269636810914,-0.08067991945761559,-0.02577194161318701,-0.6628631617115566,-0.02203510863461876,-17.117343966727127,589.7988563090784,-0.014626250638086105,-0.032340885143158284,-0.035593969202803236,-0.07491131074683802,-0.5064630850532034,-0.5365407815821108,0.13306214450539255,0.7343228200371058,2184,10.777929111901978,0.20666771881795737,0.9171895547623523,0.5862708719851577,-0.4407920047578071,0.95,0.2,0.3,5,False
cell,2695,10.69,0.054466448410585455,0.18769554779976944,0.25489335299777344,0.31263513490657907,0.9627412724303163,0.3221513641271368,-0.3102712442444493,0.17554462239392607,-2.673490166449356,35.38389950208938,-0.015132639766892829,-0.031842640097405964,-0.03568406340739313,-0.06715965700309334,-0.14267582112975175,-0.2204839094421921,0.10454574385391142,0.7417439703153988,1418,8.666400539469162,0.20859029011624688,0.7869925579850093,0.5925788497217068,-0.0013611820409152875,0.95,0.2,0.3,21,False
cell,2695,10.69,-0.06543009670468247,0.19258943235025652,-0.3724717271060836,0.2929315019865411,-1.2038121828116097,-0.43851585646451124,-0.6338456193044489,-0.10322718137025581,-3.73403652848559,36.413245220246424,-0.01895901214299672,-0.035820616707806084,-0.04026971473640484,-0.07158314323605926,-0.16994629681345752,-0.20883790385639567,0.045732955067908636,0.6901669758812616,2382,21.561441195605457,0.2631431113348367,1.0,0.5907235621521336,-0.0009336193748308297,0.95,0.2,1.0,1,False
cell,2695,10.69,-0.038845564280786005,0.26200385397027537,-0.08164299837148642,0.29672325311667286,-0.2954437944312319,-0.09371094273762129,-0.7404779699228378,-0.052460121514261854,-11.793282311491915,339.2444856620742,-0.01913745662785156,-0.04114848886140867,-0.0480352293569442,-0.09283947496893395,-0.5064630850532034,-0.5365407815821108,0.13306214450539255,0.7332096474953618,2184,14.647246315122846,0.26231647021353605,1.0,0.5862708719851577,-0.4407920047578071,0.95,0.2,1.0,5,False
cell,2695,10.69,-0.008710652599998259,0.25606360571237263,0.011298469635153246,0.3063044411640191,0.04112682570188245,0.013659609788657504,-0.6127230516433196,-0.014216296541539181,-4.725974834453235,77.43045635723837,-0.019416732549574826,-0.043193673841037984,-0.048306480541689206,-0.09771284479083807,-0.31573432627164777,-0.4776668267839299,0.13895023259733866,0.7410018552875696,2184,11.336866953699401,0.25686144019916723,0.7869925579850093,0.5925788497217068,-0.0013611820409152875,0.95,0.2,1.0,21,False
cell,2695,10.69,0.03537484363180621,0.06604021862251792,0.2082682875021148,0.31216523861923795,0.6885791423515222,0.25850536343913433,-0.09838034230600246,0.35957227635756955,-3.1112241315449225,35.639867695215585,-0.006058941713701764,-0.011185694984170321,-0.012452906805457733,-0.02261910233480886,-0.05834543253659112,-0.07199496809189054,0.030999007230600638,0.6749536178107607,814,6.11821416863988,0.09055037460684663,0.3057298515874508,0.676808905380334,-0.00036413565255832836,0.975,0.1,0.1,1,False
cell,2695,10.69,0.017548267198104872,0.10700249147722285,0.005027818719381107,0.3067654544531932,0.017724477459795114,0.00560215234503379,-0.3479277196150502,0.05043653094821075,-20.141707002801503,748.6410367117363,-0.006304768615608595,-0.01388218493277695,-0.014121944003197698,-0.03372796205952552,-0.2531496058336103,-0.27621013049184406,0.06736718960501376,0.7050092764378478,2184,4.270386935339367,0.0909017296416379,0.3057298515874508,0.6790352504638218,-0.2028363937232237,0.975,0.1,0.1,5,False
cell,2695,10.69,0.058649926441994626,0.07998398503758344,0.4627543823057757,0.31884173119181414,1.7999681259975673,0.5922338511225087,-0.10305321814884383,0.5691227066512782,-2.6975182805317766,40.56263434090343,-0.006298797975855214,-0.012984244643065529,-0.01448568851857398,-0.02815402664570213,-0.07132262653736149,-0.0762846091244439,0.043700935460452554,0.712430426716141,916,3.5067529801918473,0.0927383814265842,0.3057298515874508,0.6883116883116883,-0.0004526698910201077,0.975,0.1,0.1,21,False
cell,2695,10.69,0.021811516109873752,0.09164645531887183,0.028451659238902922,0.3066161855756837,0.0943220093452059,0.03466893034723577,-0.1650069289721584,0.13218545576079418,-3.01729909809793,29.64298731756577,-0.00882847054754943,-0.016475544030550633,-0.019270801409973972,-0.03083057073392279,-0.08494934579425427,-0.10805185814684459,0.030999007230600638,0.6653061224489796,1417,9.369990984140205,0.13154199599506194,0.5537171031458769,0.676808905380334,-0.00036413565255832836,0.975,0.1,0.2,1,False
cell,2695,10.69,0.00807858057650912,0.1265743788103307,-0.051385379336345204,0.29957550421006374,-0.18192426703074757,-0.0587609836851194,-0.4401231562610467,0.018355272749424566,-12.73154456400907,385.13856603339184,-0.009456931051305123,-0.019478774948118092,-0.021452077628162605,-0.04274378805997748,-0.2531496058336103,-0.27552227530306317,0.06736718960501376,0.6979591836734694,2184,6.532072332917172,0.13162816221879198,0.5420226380778954,0.6790352504638218,-0.2028363937232237,0.975,0.1,0.2,5,False
cell,2695,10.69,0.052663058920175976,0.11020392798183772,0.31086012231868343,0.31397040777908203,1.1832935952567634,0.39018183783196103,-0.1923124257927974,0.2738411660248963,-2.6159390833920404,28.849704943024793,-0.009245088139356454,-0.018992126784954214,-0.021227082734688152,-0.03947717591989455,-0.0878967046663562,-0.15009190699999153,0.05231737849666477,0.7079777365491651,1272,5.2379395724556534,0.1321718263886769,0.39349627899250467,0.6883116883116883,-0.0005589638088286941,0.975,0.1,0.2,21,False
cell,2695,10.69,0.010907380095026342,0.1008168216628963,-0.07164984161127942,0.3036157047301019,-0.23874978514983686,-0.0864167834468715,-0.2097581251029942,0.05199979781317489,-3.175284114268092,29.99503249462674,-0.009978835530472284,-0.01823720116462848,-0.020056384279608534,-0.0350352775548785,-0.08494934579425427,-0.10805185814684459,0.030999007230600638,0.6653061224489796,2184,10.511030972351659,0.14382575374186765,0.5537171031458769,0.676808905380334,-0.00036413565255832836,0.975,0.1,0.3,1,False
cell,2695,10.69,0.0013119380123893798,0.13508939386209382,-0.08962298335478074,0.2966679035263773,-0.3215527119158647,-0.10321237109553683,-0.4768906249994648,0.0027510249596348264,-10.82741169419272,299.84498690486174,-0.010133928025615451,-0.021432409799863876,-0.024935223780946418,-0.04709777178951307,-0.2531496058336103,-0.27552227530306317,0.06736718960501376,0.6979591836734694,2184,7.402464791756851,0.14377252442053595,0.5420226380778954,0.6790352504638218,-0.2028363937232237,0.975,0.1,0.3,5,False
cell,2695,10.69,0.039920622394475025,0.1259580294657417,0.19071601418628564,0.31269208095299994,0.7092940918430233,0.2341767742210015,-0.25422544762475874,0.1570284279856931,-3.638377776081474,48.49168004301395,-0.0100442310426797,-0.021477036064250873,-0.024192542415746476,-0.046945646252656424,-0.13207469762384094,-0.2204839094421921,0.05862416159011121,0.7079777365491651,1358,5.800946298704084,0.14244662389083665,0.39349627899250467,0.6883116883116883,-0.0005589638088286941,0.975,0.1,0.3,21,False
cell,2695,10.69,0.008868940959729565,0.10217416670719005,-0.08909237037650929,0.3031193242285818,-0.2973044127844845,-0.1073694090763578,-0.20818275183423818,0.042601708746703965,-3.141509447247566,29.01528979654792,-0.010286480592520873,-0.018521508617854798,-0.021066587351972192,-0.035839812443415685,-0.08494934579425427,-0.10805185814684459,0.030999007230600638,0.6649350649350649,2184,10.749342991643104,0.14594119787026916,0.5537171031458769,0.676808905380334,-0.00036413565255832836,0.975,0.1,1.0,1,False
cell,2695,10.69,0.00040119628418167075,0.13659788417739618,-0.09377585813677321,0.29652195062588743,-0.3375691850856596,-0.10816007026765,-0.474728462615457,0.0008451068679794974,-10.523624882338638,287.1498350206246,-0.010365881001279827,-0.021776095659688664,-0.025407848133521205,-0.04809774481035827,-0.2531496058336103,-0.27552227530306317,0.06736718960501376,0.6975881261595547,2184,7.602498558817867,0.14599921975207306,0.5420226380778954,0.6790352504638218,-0.2028363937232237,0.975,0.1,1.0,5,False
cell,2695,10.69,0.03450675008349169,0.1320085088252315,0.1488514971189352,0.3122568139707211,0.5494088216076699,0.18109559115357632,-0.2980044764676748,0.11579272396344258,-4.3792854245772705,68.44511780646647,-0.01010488388172947,-0.0221917729268507,-0.02507281792727661,-0.04959597543827174,-0.15756591217378244,-0.25956195807727045,0.06983325621229024,0.7079777365491651,1358,5.908614132536428,0.14409225107995088,0.39349627899250467,0.6883116883116883,-0.0005589638088286941,0.975,0.1,1.0,21,False
cell,2695,10.69,0.04066619109074221,0.07561731617774807,0.2583974845059998,0.31349518866267384,0.872809648875216,0.3245419704523552,-0.10736380998395112,0.37877000729408766,-2.995003924129375,38.91519370468972,-0.006546639288453623,-0.012460473672906577,-0.014119763814161291,-0.026428941917775322,-0.05834543253659112,-0.08705171867473371,0.04247030650624796,0.6749536178107607,819,6.544834148679761,0.09794561688966415,0.3536495659034172,0.676808905380334,-0.0004526698910201077,0.975,0.15,0.1,1,False
cell,2695,10.69,0.01777972233488545,0.12303334676805755,0.02443658972350981,0.31067984234172863,0.08705910274631866,0.02727726316300545,-0.3828741105110164,0.046437515221792146,-20.645431888372464,777.6468085177195,-0.006736636071248699,-0.015473545177646054,-0.014850405532968552,-0.03873393676196243,-0.2938429201337189,-0.31979698768663545,0.07807715165126392,0.7053803339517625,2184,4.563902841886852,0.09831480002364411,0.3536495659034172,0.6790352504638218,-0.23870818671938565,0.975,0.15,0.1,5,False
cell,2695,10.69,0.06610199058647415,0.09090605761326642,0.4948657969887136,0.3238636157133598,2.002831812128704,0.6357031834762816,-0.13802031313917662,0.47892943497250556,-3.366249538321646,69.78764825947854,-0.006577133163947811,-0.01409306140307534,-0.014852996475229852,-0.03158670189247534,-0.10699655985329937,-0.09561513622476836,0.060601552967531745,0.712430426716141,902,3.737047629753154,0.10004499128817824,0.3265875248509429,0.6883116883116883,-0.0004526698910201077,0.975,0.15,0.1,21,False
cell,2695,10.69,0.030473029067100033,0.11627721661656254,0.1176411887094659,0.3096175274835434,0.38741334087928686,0.1441779647951781,-0.17677119854188794,0.1723868442283549,-3.334990096459644,38.814890216543176,-0.01111965076247366,-0.02022719640266018,-0.023696242310147025,-0.03925834562315192,-0.11672792274336695,-0.14255965689763894,0.04648308672740454,0.6634508348794063,1416,11.399228045955157,0.1630469312343262,0.6114597031749016,0.676808905380334,-0.0006433234818707945,0.975,0.15,0.2,1,False
cell,2695,10.69,0.0007874414256801021,0.17255873205123515,-0.029299445822028185,0.3011556633963406,-0.10268167110129778,-0.03298608073957294,-0.5487777398095912,0.001434900449776479,-16.54776290611933,562.5502876289612,-0.011582008826466011,-0.024526918337456037,-0.026809606844217477,-0.056403987678229316,-0.3798007916418875,-0.4079220107171422,0.10054327654994331,0.6964749536178108,2184,7.9778869624754485,0.16329915327751232,0.6114597031749016,0.6790352504638218,-0.317443931119882,0.975,0.15,0.2,5,False
cell,2695,10.69,0.07125847473144442,0.13980699602013516,0.39737353764333244,0.3163783010705616,1.5280932214462573,0.5043238084163002,-0.2056576006526465,0.34649083965439836,-2.5957498224773823,33.90446074605907,-0.011601402532045373,-0.023368674328417174,-0.026698556779195023,-0.049349031472962115,-0.10699655985329937,-0.15009190699999153,0.07843215458553601,0.7076066790352504,1272,6.5018554098339605,0.165458847928616,0.590244418488757,0.6883116883116883,-0.000949281719414774,0.975,0.15,0.2,21,False
cell,2695,10.69,0.017336833461339074,0.1374406505724597,0.02609463487176852,0.30654748960161315,0.08648732377345615,0.031793863360288145,-0.2688091489612038,0.0644949531231961,-3.015940653984105,29.63582193446463,-0.013282185346316259,-0.024755255803893893,-0.028911872403144055,-0.04628883636878357,-0.1274454654736029,-0.16061156173183422,0.04648308672740454,0.6623376623376623,2302,14.164935962607943,0.1973129939925929,0.8305756547188151,0.676808905380334,-0.0006433234818707945,0.975,0.15,0.3,1,False
cell,2695,10.69,-0.007456030997857965,0.1898190326940864,-0.05349004081071468,0.29932006890765017,-0.18923659653726616,-0.06115564385635716,-0.6143438937627063,-0.012136575415752238,-12.744560895267368,385.55764170650593,-0.01434604470618618,-0.029260279517920016,-0.03223093171491921,-0.06415526078098212,-0.3798007916418875,-0.4079220107171422,0.10054327654994331,0.6957328385899815,2184,9.938121377442062,0.1974422433281879,0.813033957116843,0.6790352504638218,-0.317443931119882,0.975,0.15,0.3,5,False
cell,2695,10.69,0.06211509223894862,0.16529360757777165,0.3083930467764421,0.31390646628190944,1.1737111014764483,0.3870328566197182,-0.29462301854029627,0.21082905384208125,-2.617994170274166,28.89346925663458,-0.013890510165098454,-0.028533467861161562,-0.03185670101936463,-0.059267447725476846,-0.13207469762384094,-0.2204839094421921,0.07843215458553601,0.7068645640074211,1355,7.998678738783689,0.19825773958301535,0.590244418488757,0.6883116883116883,-0.000949281719414774,0.975,0.15,0.3,21,False
cell,2695,10.69,-0.0027883921184076454,0.15323438808305562,-0.09152596983061718,0.30304683905753393,-0.3053424626354584,-0.11029181289533004,-0.3522340173461973,-0.007916305584043127,-3.1417465757569043,29.011201611645262,-0.015456715286137379,-0.02782710655669052,-0.03166949733928672,-0.0538068096085627,-0.1274454654736029,-0.16061156173183422,0.04648308672740454,0.6612244897959184,2302,16.251368094444498,0.2189117968054037,0.8305756547188151,0.676808905380334,-0.0006433234818707945,0.975,0.15,1.0,1,False
cell,2695,10.69,-0.019865074231363966,0.20485240297106877,-0.09612002761995328,0.29628951459138747,-0.34576650284083854,-0.11084150976496127,-0.6512754939273655,-0.030501799033727267,-10.53469831299794,287.4510103922453,-0.015595167720399377,-0.032710380801727196,-0.03812191823467347,-0.0721906282548044,-0.3798007916418875,-0.4079220107171422,0.10054327654994331,0.6946196660482374,2184,11.572806120105865,0.21899882962810957,0.813033957116843,0.6790352504638218,-0.317443931119882,0.975,0.15,1.0,5,False
cell,2695,10.69,0.032252655737807556,0.1980032085145355,0.1462482136799478,0.3121472460341123,0.5395717027012754,0.1778947282522592,-0.42597872779796064,0.07571424024982021,-4.3888203703759965,68.6248805242184,-0.015220773875523631,-0.03333624950096694,-0.037644173450344154,-0.07444711332664128,-0.23662427265857222,-0.37374521646981373,0.10448571178187908,0.7064935064935065,1384,9.047724435493132,0.2161383766199263,0.590244418488757,0.6883116883116883,-0.000949281719414774,0.975,0.15,1.0,21,False
cell,2695,10.69,0.044292671505452796,0.0823059241011781,0.28622425002281093,0.31521348605236793,0.991869705000387,0.3604373939843603,-0.13137686012504346,0.3371421075469103,-3.2825499489848577,45.902236602867795,-0.006620544633620793,-0.013312138399883492,-0.014848923560309734,-0.02922625064871788,-0.07531694197706051,-0.10352276695788454,0.04247030650624796,0.6749536178107607,820,6.818797452577779,0.10221846800766557,0.3930427933840905,0.676808905380334,-0.0004526698910201077,0.975,0.2,0.1,1,False
cell,2695,10.69,0.020757267033897575,0.127252394023418,0.05080229782268863,0.3151355707344559,0.18302834116918326,0.05726353388047974,-0.3828741105110167,0.054214339554568315,-18.847706520918738,682.4294337130543,-0.006926872161817179,-0.0163510776677833,-0.016797467423695672,-0.041077382774123546,-0.2938429201337189,-0.31979698768663545,0.07807715165126392,0.7053803339517625,2184,4.737720141502629,0.1027696990829738,0.3930427933840905,0.6790352504638218,-0.23870818671938565,0.975,0.2,0.1,5,False
cell,2695,10.69,0.06967575194441422,0.09850066654432442,0.49829091323309405,0.32753372890138016,2.06964591348386,0.6397517303827396,-0.1658207787735011,0.42018709874464005,-3.9545146092415036,94.9323411556979,-0.006816646413050644,-0.014827938124544365,-0.015607435103780909,-0.03404214010331014,-0.12877639463156332,-0.11566665219396166,0.07292829298191641,0.7128014842300556,901,3.858695071921191,0.10441584773171039,0.3930427933840905,0.6883116883116883,-0.0004526698910201077,0.975,0.2,0.1,21,False
cell,2695,10.69,0.04221217788933718,0.13202353583417348,0.2045685039924821,0.312051188333236,0.6761821279851128,0.2538660641963231,-0.19659723343161117,0.21471399750913187,-3.102079705664631,35.61512008533923,-0.01215622647757937,-0.022440626069089347,-0.02490917981527702,-0.04528042917152876,-0.11672792274336695,-0.14255965689763894,0.061967166224208434,0.6634508348794063,959,12.39434112070937,0.18110074921369326,0.6114597031749016,0.676808905380334,-0.0009336193748308297,0.975,0.2,0.2,1,False
cell,2695,10.69,-0.006031648619104546,0.21388772101718884,0.0018172128703417025,0.3061419507480777,0.00639182797503889,0.002023709301090645,-0.6456795370724071,-0.009341551455158088,-20.192248437062343,750.5094486444707,-0.012641797791733418,-0.027835877737986892,-0.028386666810155985,-0.06750281078330371,-0.5064630850532034,-0.5373597758140558,0.13306214450539255,0.6968460111317254,2184,8.780577627950237,0.1818034592832758,0.6114597031749016,0.6790352504638218,-0.4407920047578071,0.975,0.2,0.2,5,False
cell,2695,10.69,0.08715876164701974,0.15994548399270436,0.4589352114720153,0.31873439711269774,1.7849741012751454,0.5872135436559689,-0.23720099262363026,0.36744686724526326,-2.691974426824309,40.55759730955982,-0.012634134986381152,-0.02604498510688057,-0.029022528541114583,-0.05637272333067189,-0.14267582112975175,-0.15009190699999153,0.08731429401094047,0.7072356215213358,1272,7.216077139899152,0.1854767628531684,0.6114597031749016,0.6883116883116883,-0.0011263451794902846,0.975,0.2,0.2,21,False
cell,2695,10.69,0.022321166568971096,0.16453632241095958,0.0774370442691551,0.3083528532586013,0.25481737023781686,0.0944149819669537,-0.2891100369875793,0.07720647405240398,-3.4081681787718336,39.733203062855154,-0.015804951056406134,-0.029009083313775687,-0.03361682055534179,-0.05548970307158498,-0.16992324637235354,-0.2064107762306906,0.061967166224208434,0.6619666048237477,2302,16.489160543617544,0.23183442226653253,0.9171895547623523,0.676808905380334,-0.0009336193748308297,0.975,0.2,0.3,1,False
cell,2695,10.69,-0.021079681885513013,0.23659497844863175,-0.04071632722574248,0.29985102107035805,-0.14274242602656986,-0.046040506362506936,-0.7090899222247609,-0.029727797878406976,-15.313944494679752,503.3531970212559,-0.016548041076524765,-0.03470822347536548,-0.03802489036633886,-0.07808748318949676,-0.5064630850532034,-0.5365407815821108,0.13306214450539255,0.6953617810760668,2184,11.613009893285449,0.23202163132439743,0.9171895547623523,0.6790352504638218,-0.4407920047578071,0.975,0.2,0.3,5,False
cell,2695,10.69,0.07890679842942872,0.19562971347789385,0.369637786525466,0.31532583893259664,1.4156733820751775,0.46777128884738634,-0.3102712442444503,0.2543155380756497,-2.5329393075603748,30.693952080578228,-0.016390508691043526,-0.033182899204942246,-0.03732754563965266,-0.06906123001883438,-0.14267582112975175,-0.2204839094421921,0.10454574385391142,0.7064935064935065,1355,9.409638031316229,0.23382814141046024,0.7869925579850093,0.6883116883116883,-0.0013611820409152875,0.975,0.2,0.3,21,False
cell,2695,10.69,-0.016756468880396835,0.2041652681489964,-0.09142620070125106,0.3030480045896843,-0.30523426868366804,-0.11018451085539199,-0.5013128281899092,-0.033425174737497614,-3.14369298900458,29.073956692468727,-0.020636615571222164,-0.03708296946619035,-0.04113682363877466,-0.0717668431934963,-0.16994629681345752,-0.20883790385639567,0.061967166224208434,0.6601113172541744,2302,21.806722842041452,0.29174113719064226,1.0,0.676808905380334,-0.0009336193748308297,0.975,0.2,1.0,1,False
cell,2695,10.69,-0.046818440594270316,0.27295245148192104,-0.09793666205771755,0.29609074993451184,-0.35183857196375945,-0.11288814129533876,-0.7819380858904155,-0.05987486917325022,-10.562231658374337,288.24430777213166,-0.020830108423986287,-0.04361981697839973,-0.0508373216327215,-0.09628585078764994,-0.5064630850532034,-0.5365407815821108,0.13306214450539255,0.6942486085343228,2184,15.651488189365155,0.2918425113480129,1.0,0.6790352504638218,-0.4407920047578071,0.975,0.2,1.0,5,False
cell,2695,10.69,0.024471897863475922,0.2639929691889832,0.14360155083357948,0.3120364810305344,0.5295542648054724,0.17463972847758602,-0.5446414660891901,0.044932123951554624,-4.396396786719645,68.74268436907896,-0.020339943159710622,-0.04448427434145276,-0.05021680967042408,-0.09930329425415779,-0.31573432627164777,-0.4776668267839299,0.13895023259733866,0.7057513914656772,1540,12.315517746030242,0.28818450215990177,0.7869925579850093,0.6883116883116883,-0.0013611820409152875,0.975,0.2,1.0,21,False
cell,2695,10.69,0.042445672857741146,0.07117816408935858,0.2939380680932151,0.3140024402280403,1.016044328171288,0.36641483948594894,-0.12480079932567179,0.34010737981715783,-2.8142331647979857,29.279381542974903,-0.006546639288453623,-0.012140440425422703,-0.01403042045274591,-0.024345982895035756,-0.05834543253659112,-0.06810205151364312,0.03167080344713708,0.660482374768089,1423,6.121289016075842,0.09593134756336767,0.3057298515874508,0.726530612244898,-0.00036413565255832836,1.0,0.1,0.1,1,False
cell,2695,10.69,0.023775030412678033,0.108445352136287,0.06266417185666677,0.3176691660624316,0.2239011708833303,0.07022645717970005,-0.3223590071535243,0.07375326851455127,-19.356817120984125,709.8025321230629,-0.006468794677780681,-0.014192806533109996,-0.01418897334921943,-0.03393627228322523,-0.2531496058336103,-0.27621013049184406,0.06736718960501376,0.6901669758812616,2184,4.33087244079425,0.09527195229199997,0.3057298515874508,0.7198515769944341,-0.2028363937232237,1.0,0.1,0.1,5,False
cell,2695,10.69,0.05807707933403128,0.08174671486526826,0.4479309816563255,0.3179143744863285,1.694143434318294,0.5711644357294802,-0.1379499477018914,0.4210010971481869,-2.605566721304968,37.24863140077766,-0.006565297911281931,-0.013458385516079937,-0.015140340011587735,-0.028617181274567763,-0.07132262653736149,-0.0762846091244439,0.043700935460452554,0.6961038961038961,1257,3.630324971876923,0.0976033111580437,0.3057298515874508,0.7350649350649351,-0.0004526698910201077,1.0,0.1,0.1,21,False
cell,2695,10.69,0.029098450998979786,0.09856960314381291,0.10534973714334137,0.3086258875917437,0.3585442969916382,0.12868627538476296,-0.24634416963155603,0.11812112721198477,-2.7696931821957507,24.171413142658007,-0.010042882851730037,-0.017773365602790057,-0.019485796677942428,-0.03361065806006932,-0.08494934579425427,-0.1021511999916821,0.03167080344713708,0.6512059369202227,2002,9.256906554687012,0.13886628946226676,0.5537171031458769,0.726530612244898,-0.00036413565255832836,1.0,0.1,0.2,1,False
cell,2695,10.69,0.015144314499268674,0.12899684439219872,0.006146191562159477,0.30650331440031936,0.02213260482607166,0.0070709655248406885,-0.39244041285941966,0.03859009929411547,-12.051024045074447,357.10000732178037,-0.009897062795602433,-0.01998649771962888,-0.02180717055008242,-0.04279814789747515,-0.2531496058336103,-0.27552227530306317,0.06736718960501376,0.6827458256029685,2184,6.609969767852836,0.1378331466348848,0.5420226380778954,0.7198515769944341,-0.2028363937232237,1.0,0.1,0.2,5,False
cell,2695,10.69,0.05356879757139077,0.11341935162893635,0.31284251133655494,0.31364781715948054,1.161440319336878,0.3919073358148552,-0.189227827165237,0.28309154300341655,-2.502953980996016,25.923521301310537,-0.009791076129804392,-0.019741847048840015,-0.022985105437434056,-0.04032966663647543,-0.0878967046663562,-0.15009190699999153,0.05231737849666477,0.6912801484230056,1346,5.456881021338,0.14022092875843298,0.39349627899250467,0.7350649350649351,-0.0005589638088286941,1.0,0.1,0.2,21,False
cell,2695,10.69,0.016770247453995912,0.10779174994286433,-0.006501863826208652,0.30560360026893185,-0.022119198664904395,-0.007851088292568349,-0.2967782044176994,0.05650767881320789,-2.9519122260622983,24.98702785385579,-0.010697554553245737,-0.019563538333585644,-0.022917746004263113,-0.03790135387778399,-0.08494934579425427,-0.1021511999916821,0.03167080344713708,0.6512059369202227,2184,10.395892283298332,0.1512649247764622,0.5537171031458769,0.726530612244898,-0.00036413565255832836,1.0,0.1,0.3,1,False
cell,2695,10.69,0.008514370237059365,0.13749185640860503,-0.03352642511251523,0.3024930202747681,-0.12219387389820476,-0.038818423285963743,-0.42937426044072613,0.01982971738529434,-10.292407546437499,279.49060920623174,-0.010449047764853472,-0.021937507491981555,-0.025407848133521205,-0.04711510712198257,-0.2531496058336103,-0.27552227530306317,0.06736718960501376,0.6823747680890538,2184,7.483889750783892,0.15010753552007874,0.5420226380778954,0.7198515769944341,-0.2028363937232237,1.0,0.1,0.3,5,False
cell,2695,10.69,0.0409688353395552,0.1289604435618984,0.19708872777964476,0.3125808877413238,0.7203697681982354,0.2419191158522769,-0.2540481466385627,0.1612640591227853,-3.4649646431637176,44.22803907404093,-0.010552133037917147,-0.022193756127442767,-0.027268748007258477,-0.04750615017600293,-0.13207469762384094,-0.2204839094421921,0.05862416159011121,0.6912801484230056,1368,6.033238517763671,0.1507282103325088,0.39349627899250467,0.7350649350649351,-0.0005589638088286941,1.0,0.1,0.3,21,False
cell,2695,10.69,0.014720234253768005,0.10906049158300558,-0.02366086576953646,0.30512318127825494,-0.08064360980509562,-0.02854977360022067,-0.2953763085501677,0.049835527859431794,-2.9249938355223826,24.275729477974405,-0.0109130322431981,-0.01981688944941398,-0.02296416286084377,-0.03867544464503786,-0.08494934579425427,-0.1021511999916821,0.03167080344713708,0.650834879406308,2184,10.634204302589776,0.1533803689048637,0.5537171031458769,0.726530612244898,-0.00036413565255832836,1.0,0.1,1.0,1,False
cell,2695,10.69,0.007597327161154022,0.13897261385052348,-0.038223432243036926,0.3021366370626319,-0.13973625839122336,-0.044317330311327216,-0.42701569917536863,0.017791681139184345,-10.015557243300114,268.07407594595884,-0.010898518329977739,-0.02226613024220979,-0.025605179397899545,-0.04810795690941963,-0.2531496058336103,-0.27552227530306317,0.06736718960501376,0.6820037105751392,2184,7.683923517844908,0.15233423085161582,0.5420226380778954,0.7198515769944341,-0.2028363937232237,1.0,0.1,1.0,5,False
cell,2695,10.69,0.035549505986065544,0.13487648269640717,0.1560232184537139,0.31224866941129203,0.56709241389336,0.18983573288909325,-0.2980044764676747,0.11929185228169446,-4.17115040279882,62.86838674484616,-0.010761894863662712,-0.022896413081894686,-0.02777586749831592,-0.05009710323083591,-0.15756591217378244,-0.25956195807727045,0.06983325621229024,0.6912801484230056,1369,6.140906351596014,0.152373837521623,0.39349627899250467,0.7350649350649351,-0.0005589638088286941,1.0,0.1,1.0,21,False
cell,2695,10.69,0.05077758051925474,0.08092210310002805,0.366188256284358,0.31534243300517734,1.2991471847380425,0.4647539329056193,-0.13108945613094403,0.38735060788209763,-2.5782451302471303,31.871028336841235,-0.006931606539739538,-0.01337878772243052,-0.015250179971888983,-0.02789175074787515,-0.05834543253659112,-0.08705171867473371,0.04338865846492538,0.660482374768089,1426,6.575195701416239,0.10380763935029753,0.3536495659034172,0.726530612244898,-0.0004526698910201077,1.0,0.15,0.1,1,False
cell,2695,10.69,0.025180214909657828,0.12471421503891891,0.08387624469282193,0.3221559214449139,0.30275933822329465,0.0942238790440587,-0.35910669609199986,0.07011903477067687,-19.824196397459772,736.8397266981652,-0.0069770618795358145,-0.015806260146840657,-0.014884804000702344,-0.03914593273970948,-0.2938429201337189,-0.31979698768663545,0.07807715165126392,0.6905380333951763,2184,4.6429298400853325,0.103041396117683,0.3536495659034172,0.7198515769944341,-0.23870818671938565,1.0,0.15,0.1,5,False
cell,2695,10.69,0.06552510911167198,0.09246095273787036,0.48226103307918394,0.32271097270081656,1.9033196826894294,0.6176478771991869,-0.13802031313917662,0.4747497496661807,-3.2540948726058256,65.21087680393595,-0.006875149174402238,-0.014543834760058017,-0.015607435103780909,-0.03201603084745181,-0.10699655985329937,-0.09561513622476836,0.060601552967531745,0.6961038961038961,1231,3.8606196214382287,0.10490992101963777,0.3265875248509429,0.7350649350649351,-0.0004526698910201077,1.0,0.15,0.1,21,False
cell,2695,10.69,0.040972021497347466,0.12534022261197725,0.19890868414091858,0.31165824074756143,0.680035153080047,0.2446963713066726,-0.2676748369246198,0.15306639192568422,-2.997438630084059,31.02332393045647,-0.012053563280664722,-0.021980304612866465,-0.02515788213612574,-0.04250700672863924,-0.11672792274336695,-0.1354849927719397,0.047489562078691934,0.6482374768089054,1998,11.352547268639922,0.17270398240268883,0.6114597031749016,0.726530612244898,-0.0006433234818707945,1.0,0.15,0.2,1,True
cell,2695,10.69,0.011371366139401706,0.1754038164895967,0.03398763957226136,0.31100007683071074,0.12095605037838747,0.038509185583357065,-0.5071091786811033,0.022423901237553057,-15.76938580208196,527.0903238518889,-0.01211171381825958,-0.02512303814329203,-0.026965880526762853,-0.05650676092006797,-0.3798007916418875,-0.4079220107171422,0.10054327654994331,0.6812615955473098,2184,8.081050069244858,0.17143022213295703,0.6114597031749016,0.7198515769944341,-0.317443931119882,1.0,0.15,0.2,5,False
cell,2695,10.69,0.06975223008251685,0.14382020405921095,0.3805181875072889,0.31548414655776735,1.413868473156559,0.4808985795216837,-0.2662362288002601,0.2619937579376076,-2.498416263080737,30.49020295115588,-0.012105632676952202,-0.024398353394311234,-0.02799509662532466,-0.05062550622696164,-0.10699655985329937,-0.15009190699999153,0.07843215458553601,0.6909090909090909,1355,6.765996093163015,0.17518870739153503,0.590244418488757,0.7350649350649351,-0.000949281719414774,1.0,0.15,0.2,21,False
cell,2695,10.69,0.027705240785366847,0.1478192677223658,0.1030698473936191,0.30856424431902196,0.35070658195541066,0.12588938750078768,-0.37225991805335235,0.07442445302799462,-2.7692088251073526,24.168058031337416,-0.015124017040953348,-0.026701711154482895,-0.029271397564267693,-0.05045786611195914,-0.1274454654736029,-0.15228494356221067,0.047489562078691934,0.6471243042671614,2184,14.001948243419395,0.20829943419340008,0.8305756547188151,0.726530612244898,-0.0006433234818707945,1.0,0.15,0.3,1,False
cell,2695,10.69,0.002748151368906049,0.19345440172988868,0.004009430175588633,0.3062548114891998,0.014427520322519129,0.004611799832140658,-0.5644646089597594,0.00486859818186044,-12.062930317577816,357.47019276131215,-0.014845950267016165,-0.030023217026564453,-0.032747713402902306,-0.0642377883547363,-0.3798007916418875,-0.4079220107171422,0.10054327654994331,0.6805194805194805,2184,10.060876336619359,0.2067497199523272,0.813033957116843,0.7198515769944341,-0.317443931119882,1.0,0.15,0.3,5,False
cell,2695,10.69,0.0631751347969427,0.17011416478817423,0.3103425047880399,0.3135858775100822,1.1519783637751702,0.38872450361717226,-0.2946329243726693,0.21441980705807007,-2.5045593845698173,25.962811003168635,-0.014702993943596684,-0.02965584885178622,-0.034509387884381605,-0.06053989643956755,-0.13207469762384094,-0.2204839094421921,0.07843215458553601,0.6901669758812616,1360,8.335235667316612,0.21033139313764948,0.590244418488757,0.7350649350649351,-0.000949281719414774,1.0,0.15,0.3,21,False
cell,2695,10.69,0.005321358567730083,0.16355671317685994,-0.026021659506927513,0.3050568696426971,-0.0886667870273262,-0.0313952277266364,-0.43472365670414204,0.012240784428604531,-2.925786989066826,24.2749948091281,-0.016417480711741712,-0.029770406617196415,-0.034512413790674226,-0.058056929857928145,-0.1274454654736029,-0.15228494356221067,0.047489562078691934,0.6460111317254175,2184,16.085529874432986,0.23007055335729557,0.8305756547188151,0.726530612244898,-0.0006433234818707945,1.0,0.15,1.0,1,False
cell,2695,10.69,-0.009530750153239453,0.20841583541219047,-0.04059756003792395,0.30190945462562385,-0.14831228823562115,-0.047060532816575955,-0.603101650325865,-0.015802891847650963,-10.025851108898902,268.3444091234084,-0.01635302580371426,-0.03344642042523197,-0.038511208628560105,-0.07220434532086528,-0.3798007916418875,-0.4079220107171422,0.10054327654994331,0.6790352504638218,2184,11.701130358314005,0.22850134627742372,0.813033957116843,0.7198515769944341,-0.317443931119882,1.0,0.15,1.0,5,False
cell,2695,10.69,0.033492095871104466,0.20230290081261812,0.15338436748489043,0.31214287588105055,0.5572779167632704,0.18659063060773534,-0.42358480850025015,0.07906821774295214,-4.179954253273775,63.03528090220931,-0.016217048688767183,-0.03439251482362248,-0.04169819784430835,-0.07519538470665096,-0.23662427265857222,-0.37374521646981373,0.10448571178187908,0.689795918367347,1424,9.404902047766676,0.2285607562824345,0.590244418488757,0.7350649350649351,-0.000949281719414774,1.0,0.15,1.0,21,False
cell,2695,10.69,0.055759591336824066,0.08758664242702627,0.398862971496215,0.31715315397805477,1.438805474337422,0.5086482819386373,-0.13180891645022952,0.423033530951441,-2.788429717207155,37.59179064526326,-0.007251741781629985,-0.014219849006576359,-0.015774912966180187,-0.030556187917020024,-0.07531694197706051,-0.10352276695788454,0.04338865846492538,0.6601113172541744,1426,6.902358038114352,0.10830819483101553,0.3930427933840905,0.726530612244898,-0.0004526698910201077,1.0,0.2,0.1,1,False
cell,2695,10.69,0.029344153535368456,0.12912029602592615,0.11680234514067528,0.326696812209816,0.4260928204280762,0.13263960689399462,-0.3591066960920003,0.08171430344994379,-18.033930977414716,644.0916074210767,-0.007485477708250624,-0.016681487545884267,-0.016879743287230957,-0.041415282098226945,-0.2938429201337189,-0.31979698768663545,0.07807715165126392,0.6905380333951763,2184,4.828528277182297,0.10771742917083302,0.3930427933840905,0.7198515769944341,-0.23870818671938565,1.0,0.2,0.1,5,False
cell,2695,10.69,0.06909693666145711,0.09993753412114283,0.48716355082166024,0.3262654790177242,1.9764934905710383,0.6238660990639839,-0.1658207787735011,0.4166964910702681,-3.8299228962819276,89.56423617673912,-0.0071753557733875975,-0.015269551562450445,-0.016797467423695672,-0.03433452304058149,-0.12877639463156332,-0.11566665219396166,0.07292829298191641,0.6964749536178108,1230,3.982267063606266,0.10928077746316991,0.3930427933840905,0.7350649350649351,-0.0004526698910201077,1.0,0.2,0.1,21,False
cell,2695,10.69,0.05571634984787899,0.14229217700575306,0.29037428162829443,0.31390221915687727,1.0035105247785205,0.3619084906965314,-0.27599128798231753,0.201877205092969,-2.80672372959492,29.258612789176155,-0.013148649952030994,-0.024352574355512437,-0.028092257626385342,-0.04873860380257519,-0.11672792274336695,-0.1353723477282185,0.06330751198861981,0.6482374768089054,1998,12.410239471927945,0.19186269512673534,0.6114597031749016,0.726530612244898,-0.0009336193748308297,1.0,0.2,0.2,1,False
cell,2695,10.69,0.005835436357503498,0.21677689259761565,0.05941865300926975,0.31706832131200574,0.21183083599194744,0.06655424637218557,-0.6176477552415827,0.009447838687960688,-19.40392421044452,711.5077610319515,-0.013040744295997627,-0.0284610668758462,-0.028479059824420637,-0.06791667511534943,-0.5064630850532034,-0.5373597758140558,0.13306214450539255,0.6816326530612244,2184,8.909797116216444,0.19054390458399995,0.6114597031749016,0.7198515769944341,-0.4407920047578071,1.0,0.2,0.2,5,False
cell,2695,10.69,0.0856469669956399,0.16346644119866122,0.4440732801971383,0.3178101911388559,1.6794088382082601,0.5661215481611933,-0.29651366581897254,0.2888466093428863,-2.600016120708501,37.24632971604207,-0.013205508381291484,-0.026990494136551628,-0.030310884456894584,-0.0573014355714383,-0.14267582112975175,-0.15009190699999153,0.08731429401094047,0.6905380333951763,1355,7.4721329404309555,0.1952066223160874,0.6114597031749016,0.7350649350649351,-0.0011263451794902846,1.0,0.2,0.2,21,False
cell,2695,10.69,0.0367124902422451,0.17714755020266737,0.16324809598037576,0.3106698367233535,0.5567465496111197,0.19993964756981744,-0.3974674912557091,0.09236601998885556,-3.0476247998294825,31.543921546404704,-0.017296472981198758,-0.031453280646780164,-0.035593969202803236,-0.05988020634078549,-0.16992324637235354,-0.19684470847996882,0.06330751198861981,0.6467532467532467,2184,16.38679895349724,0.24548218771667107,0.9171895547623523,0.726530612244898,-0.0009336193748308297,1.0,0.2,0.3,1,False
cell,2695,10.69,-0.007557513423744999,0.24082410272416768,0.021173937247314114,0.3087713175430609,0.07541064437963663,0.024097479004724233,-0.662866995853763,-0.011401251640249539,-14.538692717262114,469.0471742652068,-0.017472070532010244,-0.03562266129734756,-0.03843979142193235,-0.07813262380011407,-0.5064630850532034,-0.5365407815821108,0.13306214450539255,0.6797773654916512,2184,11.765920094555531,0.24358632700260519,0.9171895547623523,0.7198515769944341,-0.4407920047578071,1.0,0.2,0.3,5,False
cell,2695,10.69,0.07800252054431622,0.2016492949692313,0.36048664467538344,0.3146801323392654,1.3363543603892127,0.4545439351421633,-0.36061948561874824,0.21630145806037096,-2.433722365551123,27.45670232286535,-0.01716462643084474,-0.03467454247445473,-0.03931498348711403,-0.07097804947732154,-0.14267582112975175,-0.2204839094421921,0.10454574385391142,0.689795918367347,1369,9.808841085307092,0.24821227948802688,0.7869925579850093,0.7350649350649351,-0.0013611820409152875,1.0,0.2,0.3,21,False
cell,2695,10.69,-0.006854812000390065,0.21792984470788015,-0.025978105455427867,0.3050576103525023,-0.08856314015520557,-0.03134538387892762,-0.5532098491114102,-0.012390979682304215,-2.9278008683148964,24.323550769409376,-0.02190594674999884,-0.0396741251599174,-0.04606225624850073,-0.07744041171529935,-0.16994629681345752,-0.19862223005761914,0.06330751198861981,0.6445269016697588,2184,21.59548800946408,0.30661947925983135,1.0,0.726530612244898,-0.0009336193748308297,1.0,0.2,1.0,1,False
cell,2695,10.69,-0.03373408758061003,0.27770667545632033,-0.04242538412500608,0.30172697787424846,-0.15478926672976237,-0.04915888277608515,-0.7412260041628616,-0.04551120358858592,-10.051396401853468,269.0612230428378,-0.02180881878916063,-0.04460185172005415,-0.05141894136817312,-0.0963031088857324,-0.5064630850532034,-0.5365407815821108,0.13306214450539255,0.6782931354359926,2184,15.830884870136476,0.3045125335470985,1.0,0.7198515769944341,-0.4407920047578071,1.0,0.2,1.0,5,False
cell,2695,10.69,0.025682880330833324,0.2697243265085907,0.15070267760018832,0.3120359883875567,0.5472879184215422,0.18329200811231655,-0.5338259660098063,0.04811096118610599,-4.186979072619035,63.144260017856624,-0.021670178958948128,-0.04589151406482921,-0.05562214888556281,-0.10029845469846171,-0.31573432627164777,-0.4776668267839299,0.13895023259733866,0.688682745825603,1634,12.80347512396978,0.304747675043246,0.7869925579850093,0.7350649350649351,-0.0013611820409152875,1.0,0.2,1.0,21,False
cell,2695,10.69,0.02380151613646575,0.08957134192655722,0.05009838792287351,0.3107958977059287,0.15683319837881904,0.057617974838609705,-0.24981434206074493,0.09527682013820554,-10.254449799918817,259.64067213137076,-0.006871418735267066,-0.013944044561258867,-0.014272044201123818,-0.031196206071787597,-0.16121606610533756,-0.192868884318262,0.03167080344713708,0.6322820037105752,2184,6.738596780563982,0.10088866577541714,0.3057298515874508,0.7766233766233767,-0.16193702056840287,1.025,0.1,0.1,1,False
cell,2695,10.69,0.03222332600684896,0.10977279958194357,0.138119040176768,0.33153900205953346,0.4955091373373011,0.15548550601767894,-0.31201132655040487,0.10327614180904854,-18.686608436186305,676.3598994227174,-0.006641477905967034,-0.014490526289078091,-0.014465221525574463,-0.034132346239862235,-0.2531496058336103,-0.27621013049184406,0.06736718960501376,0.6719851576994434,1996,4.568650978162172,0.09968619226074267,0.3057298515874508,0.764378478664193,-0.2028363937232237,1.025,0.1,0.1,5,False
cell,2695,10.69,0.043857371588232,0.09779954323093469,0.2522245149274738,0.32659480874341956,0.9234473325472152,0.30139097907592266,-0.23781604368082787,0.18441721134295225,-8.084270370614053,193.22051830192734,-0.007005930543955767,-0.014905617384451678,-0.015607435103780909,-0.03416375557679038,-0.16130459667262362,-0.1921299721802956,0.043700935460452554,0.6857142857142857,1498,3.7435488979575133,0.10051970238733257,0.3057298515874508,0.7584415584415585,-0.125249851425848,1.025,0.1,0.1,21,False
cell,2695,10.69,0.011043147382917118,0.11349426730734413,-0.049268371290004595,0.3028883891532996,-0.15791240959964284,-0.05755159774944674,-0.2895896078507244,0.03813378340775806,-6.165219801855954,109.32867657848557,-0.010540941674989972,-0.019473522461639855,-0.021356184112737778,-0.03987804200433089,-0.16121606610533756,-0.192868884318262,0.03167080344713708,0.62152133580705,2184,10.002712559934363,0.14541977560875013,0.5537171031458769,0.7766233766233767,-0.16193702056840287,1.025,0.1,0.2,1,False
cell,2695,10.69,0.02453782883299671,0.1305849594206829,0.07821075011176003,0.3147453530202803,0.28259654337776824,0.09036305406228451,-0.37678665904581,0.06512393218787872,-11.635678784841913,340.159197486136,-0.01025008460803623,-0.020188068798572878,-0.02180717055008242,-0.04279814789747515,-0.2531496058336103,-0.27552227530306317,0.06736718960501376,0.6630797773654916,2184,6.9466663059813145,0.1436241900751576,0.5420226380778954,0.764378478664193,-0.2028363937232237,1.025,0.1,0.2,5,False
cell,2695,10.69,0.03941762630869894,0.12559924148926407,0.1875583622031719,0.3150234740101066,0.6806746023630377,0.22666221643837103,-0.28316814170634486,0.13920219298389994,-4.9401960998498025,81.28560239252886,-0.010079217132290217,-0.020982739590287097,-0.023606864053277873,-0.04543431193609151,-0.16141088618283075,-0.19737045662914232,0.05231737849666477,0.6808905380333952,1516,5.573643741713371,0.1432873128779292,0.39349627899250467,0.7584415584415585,-0.12536071022449724,1.025,0.1,0.2,21,False
cell,2695,10.69,-0.00090033982071136,0.12160611412129073,-0.13569528182706325,0.298650467579666,-0.43868887410302104,-0.15806955081445315,-0.3359803893975545,-0.002679739202415227,-5.585709515177478,87.67477086580924,-0.01110613433758009,-0.021226813962945606,-0.024295591089627352,-0.04380551912626024,-0.16121606610533756,-0.192868884318262,0.03167080344713708,0.62152133580705,2184,11.151728542679598,0.15789391050752757,0.5537171031458769,0.7766233766233767,-0.16193702056840287,1.025,0.1,0.3,1,False
cell,2695,10.69,0.017646576664686497,0.13899836175476174,0.03320869519190973,0.3090102806838998,0.12134157971824414,0.03859138749722864,-0.4159393813997109,0.042425837643222414,-9.97847631428221,267.6461493687049,-0.010952100391562162,-0.022108614743471425,-0.025407848133521205,-0.04711510712198257,-0.2531496058336103,-0.27552227530306317,0.06736718960501376,0.662708719851577,2184,7.829499331976628,0.15596907676924598,0.5420226380778954,0.764378478664193,-0.2028363937232237,1.025,0.1,0.3,5,False
cell,2695,10.69,0.026986902406488822,0.13978935432053147,0.09652160558953725,0.3104796858094647,0.3473961141118619,0.11551811479279221,-0.31513523796804677,0.0856359402410757,-4.961765646420605,73.53226067026168,-0.010829044116910037,-0.023400773881463,-0.02777586749831592,-0.052457473553740856,-0.16141088618283075,-0.2204839094421921,0.05862416159011121,0.6808905380333952,1634,6.1500012381390405,0.15379459445200502,0.39349627899250467,0.7584415584415585,-0.12536071022449724,1.025,0.1,0.3,21,False
cell,2695,10.69,-0.002914725565021925,0.12273117304180074,-0.149762052818134,0.29806846961916755,-0.485350044931317,-0.17447044149491325,-0.3346566443801058,-0.008709600164732888,-5.485012288844618,84.7348007213893,-0.011301335679573761,-0.021467005105973897,-0.02493411708932027,-0.044507241643231436,-0.16121606610533756,-0.192868884318262,0.03167080344713708,0.6211502782931354,2184,11.390040561971043,0.16000935463592905,0.5537171031458769,0.7766233766233767,-0.16193702056840287,1.025,0.1,1.0,1,False
cell,2695,10.69,0.016721229664791837,0.1404634216314335,0.027862089592135146,0.30841706513537004,0.10210302935010541,0.03241938062199246,-0.4135252898925249,0.040435809062941905,-9.716848836672886,256.9449269950517,-0.01129923364268277,-0.02241530870030467,-0.025605179397899545,-0.04810795690941963,-0.2531496058336103,-0.27552227530306317,0.06736718960501376,0.6623376623376623,2184,8.029533099037645,0.1581957721007831,0.5420226380778954,0.764378478664193,-0.2028363937232237,1.025,0.1,1.0,5,False
cell,2695,10.69,0.021640363608287805,0.14526362015605582,0.06278618479534498,0.3090540212684808,0.22519408351353165,0.07473653441914782,-0.3168551425286322,0.06829734065727622,-5.334217217307734,82.21629122328255,-0.01095494714570712,-0.024098911083138008,-0.028582411475792626,-0.055017122587333746,-0.16141088618283075,-0.25956195807727045,0.06983325621229024,0.6808905380333952,2184,6.257669071971385,0.15544022164111923,0.39349627899250467,0.7584415584415585,-0.12536071022449724,1.025,0.1,1.0,21,False
cell,2695,10.69,0.024718353089203893,0.10941643432396421,0.0699505279858125,0.31563725618894095,0.2202337866696196,0.07937525622762855,-0.31220326728093284,0.07917390905125071,-14.362893931631277,443.6012034401386,-0.0075080724507647556,-0.015695619195317808,-0.01595175666711468,-0.03730517476417224,-0.22658859742757753,-0.2606600753559315,0.04338865846492538,0.6322820037105752,2184,7.224849821865875,0.10903135235104158,0.3536495659034172,0.7766233766233767,-0.2276190598196003,1.025,0.15,0.1,1,False
cell,2695,10.69,0.034981895052357714,0.1259531315833355,0.15985395372712716,0.33665232030893644,0.5784848017663418,0.18027486869333312,-0.3515335287610376,0.09951225755235826,-19.264791308215234,708.5657463254892,-0.0074291268049063545,-0.016069711761026166,-0.015322992640541608,-0.039298449740607935,-0.2938429201337189,-0.31979698768663545,0.07807715165126392,0.6723562152133581,2152,4.888999449392871,0.10760533313300355,0.3536495659034172,0.764378478664193,-0.23870818671938565,1.025,0.15,0.1,5,False
cell,2695,10.69,0.04410167960934164,0.1191238199969346,0.23105487863531665,0.33307057337441465,0.8809468944967085,0.2711893143598392,-0.28977365328251614,0.15219354523699402,-11.589385253598872,333.77098585129966,-0.007629632534655147,-0.016755689686435652,-0.016879743287230957,-0.040306176180439066,-0.22658859742757753,-0.2550145275228498,0.060601552967531745,0.6857142857142857,1634,4.023963458279129,0.108756296187488,0.3265875248509429,0.7584415584415585,-0.17993843181610103,1.025,0.15,0.1,21,False
cell,2695,10.69,0.012241022018542713,0.1504779876409359,0.006286921891129088,0.30627559458548237,0.01985224947164888,0.007287073338932439,-0.38818098250342525,0.031534316646835474,-8.035632981334226,172.21438498763152,-0.012758156539314617,-0.024665411190353335,-0.026459951502478693,-0.05251386290549748,-0.24190048204947842,-0.28496122507087696,0.047489562078691934,0.6185528756957328,2184,12.399380912352097,0.1815827742539207,0.6114597031749016,0.7766233766233767,-0.243002385205223,1.025,0.15,0.2,1,False
cell,2695,10.69,0.024559163790722316,0.17776587522505444,0.10878569533761914,0.32215301928524726,0.38882397685564035,0.12384740972892376,-0.4953588933106987,0.049578526039136504,-15.171764807703312,499.8225336718847,-0.012523722541773872,-0.025560665372749987,-0.027213305927886858,-0.056645332086451845,-0.3798007916418875,-0.4079220107171422,0.10054327654994331,0.661595547309833,2184,8.518126496064088,0.17927094741688238,0.6114597031749016,0.764378478664193,-0.317443931119882,1.025,0.15,0.2,5,False
cell,2695,10.69,0.046776718563719344,0.16502826172595012,0.22309434449145146,0.31990807078357447,0.8045292532506837,0.26842962790277364,-0.39882407666790687,0.11728659652278069,-6.271240225414729,126.92958842272307,-0.012775863349993751,-0.026432816167210355,-0.028494261311665423,-0.0585571895610611,-0.24220642760010647,-0.2913096396670578,0.07843215458553601,0.6805194805194805,2184,6.950714377573714,0.1797882835707794,0.590244418488757,0.7584415584415585,-0.19346559930347174,1.025,0.15,0.2,21,False
cell,2695,10.69,-0.0007588588835547583,0.17022256863657162,-0.051391431577527846,0.30276424501411736,-0.16466893816347997,-0.06002708592955121,-0.4363111344437216,-0.0017392608706222259,-6.167700860343776,109.41206787135062,-0.015829307103727333,-0.029253462460189228,-0.032101644762078205,-0.05986595445694232,-0.24190048204947842,-0.28496122507087696,0.047489562078691934,0.6170686456400742,2184,15.131731858743661,0.21812966341312517,0.8305756547188151,0.7766233766233767,-0.243002385205223,1.025,0.15,0.3,1,False
cell,2695,10.69,0.016531501720183694,0.19583525766286036,0.07606032246716181,0.31450048837831407,0.274628391947938,0.08786162279065728,-0.547986467611459,0.030167718907805386,-11.647264931202361,340.51741584292637,-0.015402021521185107,-0.030325672310368014,-0.032747713402902306,-0.0642377883547363,-0.3798007916418875,-0.4079220107171422,0.10054327654994331,0.6608534322820037,2184,10.57041291938917,0.21543628511273638,0.813033957116843,0.764378478664193,-0.317443931119882,1.025,0.15,0.3,5,False
cell,2695,10.69,0.04034087873348202,0.18838428099713136,0.18518100542990695,0.3149071939834182,0.671865186816443,0.22375876791312233,-0.42208961572881265,0.09557420327393351,-4.943939490643926,81.37378167807753,-0.015122781982351566,-0.03151745538664179,-0.03559964165997221,-0.06819280713329595,-0.24220642760010647,-0.2913096396670578,0.07843215458553601,0.6797773654916512,2184,8.51995395172731,0.21493096931689384,0.590244418488757,0.7584415584415585,-0.19346559930347174,1.025,0.15,0.3,21,False
cell,2695,10.69,-0.022277741383763816,0.18407733292956055,-0.15199361787935614,0.29795529338984156,-0.4924293857813136,-0.17705556437119874,-0.5264580353245825,-0.04231627193234632,-5.487622287788906,84.79369221927405,-0.017000343938136386,-0.032246780736622495,-0.03743664232184636,-0.06681186729196303,-0.24190048204947842,-0.28496122507087696,0.047489562078691934,0.6159554730983302,2184,17.230491190774202,0.24001403195389356,0.8305756547188151,0.7766233766233767,-0.243002385205223,1.025,0.15,1.0,1,False
cell,2695,10.69,0.0037863238116861986,0.21065077383477754,0.02547531492388836,0.30819213091339753,0.09329224576495938,0.02963636289926024,-0.5894293112551559,0.006423711443232166,-9.72689744647101,257.20797680532763,-0.016994852496613123,-0.03366972447782804,-0.038511208628560105,-0.07220434532086528,-0.3798007916418875,-0.4079220107171422,0.10054327654994331,0.6593692022263451,2184,12.224127221721897,0.2372936581511746,0.813033957116843,0.764378478664193,-0.317443931119882,1.025,0.15,1.0,5,False
cell,2695,10.69,0.011295354822236092,0.2178834052870073,0.060230754248687755,0.3089224499701989,0.2159329526991279,0.07168186818846611,-0.49079489292512346,0.023014409858497308,-5.342770450256276,82.37108312250858,-0.016482634871400156,-0.036195776923525574,-0.04288156728688676,-0.08257857771016804,-0.24220642760010647,-0.37374521646981373,0.10448571178187908,0.6794063079777366,2184,9.589620332177374,0.23316033246167883,0.590244418488757,0.7584415584415585,-0.19346559930347174,1.025,0.15,1.0,21,False
cell,2695,10.69,0.02933567376870405,0.11462512143508505,0.11118824598999837,0.31991008429602685,0.35627162733787815,0.12757782581311797,-0.31262828386713504,0.09383563574552173,-12.837904593385172,373.1395354436507,-0.007695677302985451,-0.016547569377637347,-0.017202236619742767,-0.04006135884103929,-0.22658859742757753,-0.2606600753559315,0.04338865846492538,0.6319109461966604,2184,7.557548814474003,0.11361554252604794,0.3930427933840905,0.7766233766233767,-0.2276190598196003,1.025,0.2,0.1,1,False
cell,2695,10.69,0.03991762139685817,0.13035601345536257,0.19534435327698246,0.3404375540449665,0.7138592663610258,0.22267762956627102,-0.3515335287610377,0.11355281397352288,-17.544917034678583,620.2866356942725,-0.007730524789494545,-0.016923366368879988,-0.017171224283315297,-0.04149720266884595,-0.2938429201337189,-0.31979698768663545,0.07807715165126392,0.6723562152133581,2150,5.079975719490867,0.11233586030389625,0.3930427933840905,0.764378478664193,-0.23870818671938565,1.025,0.2,0.1,5,False
cell,2695,10.69,0.04644062802996829,0.12551235630060287,0.24359441908586205,0.33200742284912743,0.9454813864362754,0.28806361670106095,-0.28977365328251603,0.16026518458077624,-10.551410808186752,287.47543433957065,-0.007765288969964681,-0.01765038369105784,-0.0180206275839355,-0.042930998032504275,-0.22658859742757753,-0.2550145275228498,0.07292829298191641,0.6860853432282004,1628,4.162108578482799,0.11352695965714221,0.3930427933840905,0.7584415584415585,-0.17993843181610103,1.025,0.2,0.1,21,False
cell,2695,10.69,0.014096735853962317,0.17912277730654935,0.04693738817809298,0.31047773691345154,0.14685398068171657,0.053976300790880755,-0.46892033283980417,0.030062112616426342,-10.259339427624306,259.9567030670859,-0.013869671307164646,-0.027964030288695242,-0.028551734709034167,-0.06245542848554284,-0.32259600559665796,-0.3740621040725701,0.06330751198861981,0.6185528756957328,2184,13.67115997021589,0.20177733155083427,0.6114597031749016,0.7766233766233767,-0.32407857188963085,1.025,0.2,0.2,1,False
cell,2695,10.69,0.022188838355686302,0.21942998508172207,0.13486278788809225,0.33096369634559847,0.4827624169518299,0.15174155655636537,-0.6063510519310391,0.03659404611408155,-18.732031718201405,677.9897197225408,-0.013340046126359887,-0.029056464241007284,-0.028981823008102182,-0.06830556941640482,-0.5064630850532034,-0.5373597758140558,0.13306214450539255,0.6619666048237477,2184,9.393788088619576,0.19937238452148534,0.6114597031749016,0.764378478664193,-0.4407920047578071,1.025,0.2,0.2,5,False
cell,2695,10.69,0.05242218660536513,0.1955684666302354,0.24868829633963838,0.32630647278919916,0.9099788217872139,0.2970907212396531,-0.47240341499936045,0.11096911017342265,-8.090718106146028,193.4981884432607,-0.014085599258567285,-0.029883765772590228,-0.03140580787012615,-0.06839437739406716,-0.3227887234097168,-0.3732049135376946,0.08731429401094047,0.6801484230055659,2184,7.725342050129861,0.20103940477466514,0.6114597031749016,0.7584415584415585,-0.2648813281247391,1.025,0.2,0.2,21,False
cell,2695,10.69,-0.0034373729907328787,0.2095013318229477,-0.013957036526808651,0.3047986979903823,-0.0442871856104098,-0.016210396526988313,-0.5010813068168806,-0.006859910645178112,-7.38228420180393,148.3187181531388,-0.018384070495824946,-0.03500180126393965,-0.037150745540322404,-0.07313075194306033,-0.32259600559665796,-0.3740621040725701,0.06330751198861981,0.6166975881261596,2184,17.84253401949999,0.2579429020369851,0.9171895547623523,0.7766233766233767,-0.32407857188963085,1.025,0.2,0.3,1,False
cell,2695,10.69,0.010455409098223845,0.24407743700128137,0.09784466428538637,0.31932119934897607,0.34989604622284237,0.11189858048853935,-0.6452582054045977,0.01620345004627716,-13.986221693644724,444.70949616965424,-0.01813905458751591,-0.036154874691886905,-0.03865657585195148,-0.07822891084392888,-0.5064630850532034,-0.5365407815821108,0.13306214450539255,0.660482374768089,2184,12.386425069023778,0.2545495359089083,0.9171895547623523,0.764378478664193,-0.4407920047578071,1.025,0.2,0.3,5,False
cell,2695,10.69,0.04499254483882775,0.22870433130707996,0.21328857711802116,0.31818728869571633,0.7693601243285625,0.25709980963993284,-0.5205346774756172,0.08643524972634563,-5.781430645744388,110.22887521582818,-0.018170460216960442,-0.03728689178257883,-0.03970520910517987,-0.0814720074428135,-0.3230235505333567,-0.3819015529437185,0.10454574385391142,0.6794063079777366,2184,10.069736198162909,0.2543450477270193,0.7869925579850093,0.7584415584415585,-0.2651362349894322,1.025,0.2,0.3,21,False
cell,2695,10.69,-0.04524435617930678,0.24531554230497085,-0.1521621947414858,0.2979386171646552,-0.4930542305574017,-0.17725635968859405,-0.6815065915832008,-0.06638872864633648,-5.494239064934934,84.98056370778058,-0.022703253288637714,-0.042976578459308815,-0.04993924858422689,-0.0891183591860095,-0.32259600559665796,-0.3740621040725701,0.06330751198861981,0.6144712430426716,2184,23.139012729310007,0.31987745072196205,1.0,0.7766233766233767,-0.32407857188963085,1.025,0.2,1.0,1,False
cell,2695,10.69,-0.016591051488042075,0.2806873525498407,0.02366116593512977,0.308025190982517,0.08653846047638311,0.027514705691381026,-0.7296486850290409,-0.022738410728968463,-9.751349833487751,257.8852487835142,-0.022691308700368434,-0.04489919214582353,-0.05141894136817312,-0.0963031088857324,-0.5064630850532034,-0.5365407815821108,0.13306214450539255,0.6589981447124305,2184,16.534332658119432,0.316235616045433,1.0,0.764378478664193,-0.4407920047578071,1.025,0.2,1.0,5,False
cell,2695,10.69,-0.005724993320668448,0.2904967526149239,0.05762049919880287,0.30878824412838946,0.20647040546246911,0.06856191997626568,-0.6483961770678206,-0.008829468036899959,-5.349870340540566,82.47913048917493,-0.022002860112686838,-0.04829570408715592,-0.05718242348788376,-0.11014555570670738,-0.3230235505333567,-0.4776668267839299,0.13895023259733866,0.6782931354359926,2184,13.064370236825594,0.31088044328223846,0.7869925579850093,0.7584415584415585,-0.2651362349894322,1.025,0.2,1.0,21,False
