fit,q,state,design,simple_threshold,log_threshold,p_daily,p_annual,return_period_years,sigma_daily,headline_threshold
pre2018,0.9,unconditional,-1x,0.8,0.5877866649021191,4.6671883411368676e-05,0.01169269197830447,85.02450893780198,0.039820015013189526,False
pre2018,0.9,unconditional,-0.5x,1.6,0.9555114450274363,4.981715179617999e-06,0.0012546076731776434,796.5637988477407,0.039820015013189526,False
pre2018,0.9,calm (lowest 20% of sigma),-1x,0.8,0.5877866649021191,1.0015514972645896e-06,0.00025235925575395335,3962.1067704376223,0.02559112050638851,False
pre2018,0.9,calm (lowest 20% of sigma),-0.5x,1.6,0.9555114450274363,7.069400272707629e-08,1.781473064177419e-05,56132.8233679729,0.02559112050638851,False
pre2018,0.9,on 2018-01-12,-1x,0.8,0.5877866649021191,7.175968602611594e-07,0.00018081812410253306,5529.921029489702,0.024156033994939017,False
pre2018,0.9,on 2018-01-12,-0.5x,1.6,0.9555114450274363,4.9983970569038365e-08,1.2595881556554112e-05,79390.5310658139,0.024156033994939017,False
pre2018,0.9,"for 2018-02-05, data through 2018-02-02",-1x,0.8,0.5877866649021191,0.00029053462932663953,0.07060864526298372,13.658454337959752,0.08009075519753688,False
pre2018,0.9,"for 2018-02-05, data through 2018-02-02",-0.5x,1.6,0.9555114450274363,2.9470671531470395e-05,0.007399208731586615,134.65095167636235,0.08009075519753688,False
pre2018,0.925,unconditional,-1x,0.8,0.5877866649021191,5.0266894932949723e-05,0.01258767988475562,78.94368596960612,0.039820015013189526,True
pre2018,0.925,unconditional,-0.5x,1.6,0.9555114450274363,5.793034466666461e-06,0.0014587838529990238,685.0043774273377,0.039820015013189526,True
pre2018,0.925,calm (lowest 20% of sigma),-1x,0.8,0.5877866649021191,1.399544552824769e-06,0.0003526232878955371,2835.389527432083,0.02559112050638851,True
pre2018,0.925,calm (lowest 20% of sigma),-0.5x,1.6,0.9555114450274363,1.1558255761413812e-07,2.912638202623441e-05,34332.63677640379,0.02559112050638851,True
pre2018,0.925,on 2018-01-12,-1x,0.8,0.5877866649021191,1.0234740698648046e-06,0.000257882340213067,3877.2393801614858,0.024156033994939017,True
pre2018,0.925,on 2018-01-12,-0.5x,1.6,0.9555114450274363,8.362999096102523e-08,2.107453652500091e-05,47450.13030197894,0.024156033994939017,True
pre2018,0.925,"for 2018-02-05, data through 2018-02-02",-1x,0.8,0.5877866649021191,0.0003103304550144083,0.07523480006819505,12.78718831533865,0.08009075519753688,True
pre2018,0.925,"for 2018-02-05, data through 2018-02-02",-0.5x,1.6,0.9555114450274363,3.457900937273242e-05,0.008676203638496194,114.75904140224358,0.08009075519753688,True
pre2018,0.95,unconditional,-1x,0.8,0.5877866649021191,6.768064241802839e-05,0.016911467274034586,58.63203755874703,0.039820015013189526,False
pre2018,0.95,unconditional,-0.5x,1.6,0.9555114450274363,1.0332764875581305e-05,0.0026004830717730743,384.0457047108333,0.039820015013189526,False
pre2018,0.95,calm (lowest 20% of sigma),-1x,0.8,0.5877866649021191,4.2621751700848235e-06,0.0010734938246245163,931.0396241116937,0.02559112050638851,False
pre2018,0.95,calm (lowest 20% of sigma),-0.5x,1.6,0.9555114450274363,5.726643425750078e-07,0.00014430104326224047,6929.458800264319,0.02559112050638851,False
pre2018,0.95,on 2018-01-12,-1x,0.8,0.5877866649021191,3.3192399738006663e-06,0.0008361001349093122,1195.5309045372078,0.024156033994939017,False
pre2018,0.95,on 2018-01-12,-0.5x,1.6,0.9555114450274363,4.4412653535878883e-07,0.00011191364895579703,8934.96256657622,0.024156033994939017,False
pre2018,0.95,"for 2018-02-05, data through 2018-02-02",-1x,0.8,0.5877866649021191,0.0003939682054501353,0.09452856611130811,10.072523400003739,0.08009075519753688,False
pre2018,0.95,"for 2018-02-05, data through 2018-02-02",-0.5x,1.6,0.9555114450274363,6.017520441340645e-05,0.015050204144320456,65.94500188137093,0.08009075519753688,False
pre2018,0.96,unconditional,-1x,0.8,0.5877866649021191,5.17756033950852e-05,0.012963036442535047,76.64331669827831,0.039820015013189526,False
pre2018,0.96,unconditional,-0.5x,1.6,0.9555114450274363,5.941508986577706e-06,0.0014961443710387323,667.8865549506932,0.039820015013189526,False
pre2018,0.96,calm (lowest 20% of sigma),-1x,0.8,0.5877866649021191,1.3929168574540464e-06,0.00035095369387527775,2848.88071173687,0.02559112050638851,False
pre2018,0.96,calm (lowest 20% of sigma),-0.5x,1.6,0.9555114450274363,1.1082439508783422e-07,2.7927359138146812e-05,35806.6828617374,0.02559112050638851,False
pre2018,0.96,on 2018-01-12,-1x,0.8,0.5877866649021191,1.0140143523858183e-06,0.0002554991008987262,3913.410060634036,0.024156033994939017,False
pre2018,0.96,on 2018-01-12,-0.5x,1.6,0.9555114450274363,7.972520663701628e-08,2.009055106100277e-05,49774.14466068646,0.024156033994939017,False
pre2018,0.96,"for 2018-02-05, data through 2018-02-02",-1x,0.8,0.5877866649021191,0.0003214294760506053,0.07781852632856434,12.345644267015553,0.08009075519753688,False
pre2018,0.96,"for 2018-02-05, data through 2018-02-02",-0.5x,1.6,0.9555114450274363,3.5561671184563596e-05,0.008921664135369656,111.58794949930488,0.08009075519753688,False
pre2018,0.97,unconditional,-1x,0.8,0.5877866649021191,5.8553786793297506e-05,0.014647650242929688,67.77109023302663,0.039820015013189526,False
pre2018,0.97,unconditional,-0.5x,1.6,0.9555114450274363,7.74177872637486e-06,0.0019490339526837541,512.5765161350885,0.039820015013189526,False
pre2018,0.97,calm (lowest 20% of sigma),-1x,0.8,0.5877866649021191,2.47648141360305e-06,0.0006238793952515476,1602.3758330899518,0.02559112050638851,False
pre2018,0.97,calm (lowest 20% of sigma),-0.5x,1.6,0.9555114450274363,2.612399628684234e-07,6.583031233575731e-05,15190.072470851737,0.02559112050638851,False
pre2018,0.97,on 2018-01-12,-1x,0.8,0.5877866649021191,1.8695888657293962e-06,0.0004710258670472811,2122.5276000484764,0.024156033994939017,False
pre2018,0.97,on 2018-01-12,-0.5x,1.6,0.9555114450274363,1.9579269803590467e-07,4.933854755373446e-05,20267.630039636442,0.024156033994939017,False
pre2018,0.97,"for 2018-02-05, data through 2018-02-02",-1x,0.8,0.5877866649021191,0.00035376898424763816,0.0853058729450874,11.21707708970946,0.08009075519753688,False
pre2018,0.97,"for 2018-02-05, data through 2018-02-02",-0.5x,1.6,0.9555114450274363,4.6207786812030005e-05,0.011577094995171344,85.87846858791448,0.08009075519753688,False
pre2018,0.975,unconditional,-1x,0.8,0.5877866649021191,5.8005000314750624e-05,0.014511364369074742,68.41227388537474,0.039820015013189526,False
pre2018,0.975,unconditional,-0.5x,1.6,0.9555114450274363,7.631802102980015e-06,0.0019213732633919234,519.9629019081183,0.039820015013189526,False
pre2018,0.975,calm (lowest 20% of sigma),-1x,0.8,0.5877866649021191,2.425844728819568e-06,0.0006111267990540625,1635.8235632768412,0.02559112050638851,False
pre2018,0.975,calm (lowest 20% of sigma),-0.5x,1.6,0.9555114450274363,2.549223272882369e-07,6.423837128199938e-05,15566.521812611267,0.02559112050638851,False
pre2018,0.975,on 2018-01-12,-1x,0.8,0.5877866649021191,1.8303593983057306e-06,0.00046114463060697997,2168.0190086860407,0.024156033994939017,False
pre2018,0.975,on 2018-01-12,-0.5x,1.6,0.9555114450274363,1.9096422717717798e-07,4.8121831959124783e-05,20780.09073695354,0.024156033994939017,False
pre2018,0.975,"for 2018-02-05, data through 2018-02-02",-1x,0.8,0.5877866649021191,0.00035049103025034853,0.08454971644520792,11.3219843755189,0.08009075519753688,False
pre2018,0.975,"for 2018-02-05, data through 2018-02-02",-0.5x,1.6,0.9555114450274363,4.553506804669154e-05,0.011409510583002325,87.14720628472392,0.08009075519753688,False
pre2018,0.98,unconditional,-1x,0.8,0.5877866649021191,4.9742468616219565e-05,0.012457172833834962,79.77597571343767,0.039820015013189526,False
pre2018,0.98,unconditional,-0.5x,1.6,0.9555114450274363,5.2898763637934885e-06,0.0013321642499010133,750.1600595837451,0.039820015013189526,False
pre2018,0.98,calm (lowest 20% of sigma),-1x,0.8,0.5877866649021191,9.94344127668038e-07,0.0002505434535055029,3990.8255681666487,0.02559112050638851,False
pre2018,0.98,calm (lowest 20% of sigma),-0.5x,1.6,0.9555114450274363,6.431579659563363e-08,1.6207449916594285e-05,61699.5229523966,0.02559112050638851,False
pre2018,0.98,on 2018-01-12,-1x,0.8,0.5877866649021191,7.049474445313718e-07,0.00017763104037560318,5629.148667801677,0.024156033994939017,False
pre2018,0.98,on 2018-01-12,-0.5x,1.6,0.9555114450274363,4.4847101930333734e-08,1.1301406076191789e-05,88484.06691737456,0.024156033994939017,False
pre2018,0.98,"for 2018-02-05, data through 2018-02-02",-1x,0.8,0.5877866649021191,0.00031365155123213917,0.07600866865180633,12.651791303646357,0.08009075519753688,False
pre2018,0.98,"for 2018-02-05, data through 2018-02-02",-0.5x,1.6,0.9555114450274363,3.145651733113265e-05,0.007895829919489672,126.15045481613346,0.08009075519753688,False
pre2018,0.99,unconditional,-1x,0.8,0.5877866649021191,7.481924168637816e-05,0.018678507830792723,53.03788008020457,0.039820015013189526,False
pre2018,0.99,unconditional,-0.5x,1.6,0.9555114450274363,1.4207930303292382e-05,0.0035740217971321764,279.2985243835558,0.039820015013189526,False
pre2018,0.99,calm (lowest 20% of sigma),-1x,0.8,0.5877866649021191,8.192132661255649e-06,0.002062296425170862,484.39815763990987,0.02559112050638851,False
pre2018,0.99,calm (lowest 20% of sigma),-0.5x,1.6,0.9555114450274363,1.6243789834029035e-06,0.0004092600665325241,2442.936044358868,0.02559112050638851,False
pre2018,0.99,on 2018-01-12,-1x,0.8,0.5877866649021191,6.69825271897152e-06,0.0016865415261216876,592.4312107565975,0.024156033994939017,False
pre2018,0.99,on 2018-01-12,-0.5x,1.6,0.9555114450274363,1.3299658741691466e-06,0.0003350954661393013,2983.7261581865832,0.024156033994939017,False
pre2018,0.99,"for 2018-02-05, data through 2018-02-02",-1x,0.8,0.5877866649021191,0.00039602462856980127,0.09499786203456151,10.020220163036008,0.08009075519753688,False
pre2018,0.99,"for 2018-02-05, data through 2018-02-02",-0.5x,1.6,0.9555114450274363,7.489139908857203e-05,0.018696353025964396,52.98677840910438,0.08009075519753688,False
full,0.9,unconditional,-1x,0.8,0.5877866649021191,0.00015463947295410452,0.038222515898331366,25.661326260674123,0.04175951061801517,True
full,0.9,unconditional,-0.5x,1.6,0.9555114450274363,2.66665258819467e-05,0.006697525052950293,148.81030944268917,0.04175951061801517,True
full,0.9,calm (lowest 20% of sigma),-1x,0.8,0.5877866649021191,2.0307507422068653e-06,0.0005116187851136322,1954.0822444519076,0.026667562347929025,True
full,0.9,calm (lowest 20% of sigma),-0.5x,1.6,0.9555114450274363,1.495085283483705e-07,3.767544221966457e-05,26541.990695056018,0.026667562347929025,True
full,0.925,unconditional,-1x,0.8,0.5877866649021191,0.00016304093630964986,0.040256929934915364,24.339003799128086,0.04175951061801517,False
full,0.925,unconditional,-0.5x,1.6,0.9555114450274363,2.903922500897679e-05,0.007291279658737659,136.6515107420145,0.04175951061801517,False
full,0.925,calm (lowest 20% of sigma),-1x,0.8,0.5877866649021191,3.4254371203901195e-06,0.0008628391727962814,1158.4664464084594,0.026667562347929025,False
full,0.925,calm (lowest 20% of sigma),-0.5x,1.6,0.9555114450274363,3.2845919134822953e-07,8.276830434150728e-05,12081.421597506342,0.026667562347929025,False
full,0.95,unconditional,-1x,0.8,0.5877866649021191,0.0001645946641386513,0.04063269516188295,24.109250375888184,0.04175951061801517,False
full,0.95,unconditional,-0.5x,1.6,0.9555114450274363,2.9569090314470466e-05,0.007423827174628528,134.20277479121472,0.04175951061801517,False
full,0.95,calm (lowest 20% of sigma),-1x,0.8,0.5877866649021191,3.767072540766695e-06,0.0009488536217711063,1053.405243809382,0.026667562347929025,False
full,0.95,calm (lowest 20% of sigma),-0.5x,1.6,0.9555114450274363,3.786075792054311e-07,9.540457670775826e-05,10481.179422192201,0.026667562347929025,False
full,0.96,unconditional,-1x,0.8,0.5877866649021191,0.00015133457759347214,0.0374210589578009,26.221726926901205,0.04175951061801517,False
full,0.96,unconditional,-0.5x,1.6,0.9555114450274363,2.5762923438180013e-05,0.006471310631357197,154.02964565632774,0.04175951061801517,False
full,0.96,calm (lowest 20% of sigma),-1x,0.8,0.5877866649021191,1.3429541594605805e-06,0.00033836741625070665,2954.869263629879,0.026667562347929025,False
full,0.96,calm (lowest 20% of sigma),-0.5x,1.6,0.9555114450274363,7.5322970434808e-08,1.898120911436596e-05,52683.18476219005,0.026667562347929025,False
full,0.97,unconditional,-1x,0.8,0.5877866649021191,0.00015557914469098395,0.03845027054827177,25.50633618751302,0.04175951061801517,False
full,0.97,unconditional,-0.5x,1.6,0.9555114450274363,2.6854928858080425e-05,0.006744684763382636,147.76631840005615,0.04175951061801517,False
full,0.97,calm (lowest 20% of sigma),-1x,0.8,0.5877866649021191,1.981652184810412e-06,0.0004992521774990211,2002.4977131058029,0.026667562347929025,False
full,0.97,calm (lowest 20% of sigma),-0.5x,1.6,0.9555114450274363,1.4029907804790876e-07,3.53547451479308e-05,28284.248360483918,0.026667562347929025,False
full,0.975,unconditional,-1x,0.8,0.5877866649021191,0.0001641663845435611,0.04052913143438652,24.17214693060992,0.04175951061801517,False
full,0.975,unconditional,-0.5x,1.6,0.9555114450274363,2.9605234525920747e-05,0.007432868123472214,134.0389303377948,0.04175951061801517,False
full,0.975,calm (lowest 20% of sigma),-1x,0.8,0.5877866649021191,3.999228965064367e-06,0.001007300046797277,992.2547578343266,0.026667562347929025,False
full,0.975,calm (lowest 20% of sigma),-0.5x,1.6,0.9555114450274363,4.281638095275274e-07,0.00010789148239276347,9268.07422755529,0.026667562347929025,False
full,0.98,unconditional,-1x,0.8,0.5877866649021191,0.00016526775661568558,0.040795435415239334,24.01105968589968,0.04175951061801517,False
full,0.98,unconditional,-0.5x,1.6,0.9555114450274363,3.0043332947386485e-05,0.007542445550335675,132.08434547536353,0.04175951061801517,False
full,0.98,calm (lowest 20% of sigma),-1x,0.8,0.5877866649021191,4.343887965731915e-06,0.001094063220875685,913.525855077007,0.026667562347929025,False
full,0.98,calm (lowest 20% of sigma),-0.5x,1.6,0.9555114450274363,4.856814362269124e-07,0.00012238426207411557,8170.4872211751235,0.026667562347929025,False
full,0.99,unconditional,-1x,0.8,0.5877866649021191,0.0001580877669350834,0.03905803932915353,25.101587840654854,0.04175951061801517,False
full,0.99,unconditional,-0.5x,1.6,0.9555114450274363,2.7338479628768188e-05,0.006865713590772926,145.15269401002783,0.04175951061801517,False
full,0.99,calm (lowest 20% of sigma),-1x,0.8,0.5877866649021191,2.129322203865434e-06,0.000536445828124843,1863.623063268798,0.026667562347929025,False
full,0.99,calm (lowest 20% of sigma),-0.5x,1.6,0.9555114450274363,1.495163407607618e-07,3.7677410875014417e-05,26540.603843452096,0.026667562347929025,False
